order_id,product_sku,qty_text,unit_price_text
o_1001,SKU-DEF,1,$101.42
o_1002,SKU-D56,1,USD 264.85
o_1003,SKU-JKL,1,USD 41.87
o_1004,SKU-GHI,01,$31.16
o_1005,SKU-DEF,1,€99.04
o_1006,SKU-D56,1,EUR 282.43
o_1007,SKU-DEF,1,  91.32  
o_1008,SKU-STU,1,CAD 11.20
o_1009,SKU-ABC,2,  16.07  
o_1010,SKU-JKL,1,  54.46  
o_1010,SKU-D56,1,EUR 304.34
o_1010,SKU-YZA,1,EUR 22.96
o_1011,SKU-ABC, 1 ,  14.94  
o_1012,SKU-JKL,01,$54.83
o_1013,SKU-C34,1,USD 246.58
o_1013,SKU-YZA,01,$17.72
o_1014,SKU-JKL,01,  54.91  
o_1014,SKU-VWX,1,$12.18
o_1014,SKU-B12,1,USD 150.29
o_1015,SKU-ABC,1,€14.48
o_1016,SKU-GHI,1,  28.12  
o_1016,SKU-STU, 2 ,  10.09  
o_1016,SKU-PQR,3,$140.84
o_1017,SKU-GHI,1,€34.25
o_1018,SKU-PQR,1,$152.17
o_1018,SKU-DEF,1,USD 123.08
o_1019,SKU-STU,01,USD 12.78
o_1019,SKU-DEF, 2 ,USD 92.64
o_1019,SKU-PQR,1,$150.10
o_1020,SKU-B12,1,C$136.06
o_1020,SKU-MNO,01,  77.76  
o_1021,SKU-D56,01,$302.33
o_1022,SKU-YZA,1,$22.38
o_1023,SKU-STU,1,$9.29
o_1023,SKU-DEF,02,$126.72
o_1024,SKU-MNO,01,C$82.72
o_1024,SKU-C34,1,CAD 185.80
o_1025,SKU-PQR,3,$151.48
o_1025,SKU-B12,1,USD 151.27
o_1026,SKU-D56,2,USD 318.59
o_1027,SKU-ABC,1,  16.97  
o_1028,SKU-JKL,1,USD 56.57
o_1029,SKU-MNO,1,$84.14
o_1029,SKU-DEF,01,USD 97.35
o_1030,SKU-DEF,2,USD 101.34
o_1031,SKU-MNO,1,  71.89  
o_1031,SKU-VWX,1,CAD 15.17
o_1031,SKU-PQR,1,C$117.22
o_1032,SKU-PQR,2,CAD 127.16
o_1033,SKU-JKL,03,€43.23
o_1033,SKU-C34,1,€211.54
o_1034,SKU-D56, 1 ,USD 293.88
o_1034,SKU-C34,1,  229.09  
o_1034,SKU-DEF,1,USD 102.16
o_1035,SKU-C34,3,$230.04
o_1036,SKU-YZA,2,  20.08  
o_1037,SKU-JKL,1,€47.42
o_1038,SKU-VWX,2,USD 14.23
o_1039,SKU-MNO,1,  69.39  
o_1040,SKU-D56, 2 ,$266.24
o_1041,SKU-JKL,2,€48.40
o_1042,SKU-PQR,1,$124.45
o_1042,SKU-ABC,3,$19.29
o_1042,SKU-JKL,01,$42.62
o_1043,SKU-PQR,1,USD 119.75
o_1044,SKU-MNO,01,EUR 93.11
o_1045,SKU-JKL,1,USD 54.44
o_1046,SKU-D56,1,USD 311.90
o_1046,SKU-PQR, 1 ,  130.23  
o_1047,SKU-C34,1,USD 201.83
o_1047,SKU-VWX,2,USD 15.19
o_1048,SKU-C34, 2 ,USD 231.80
o_1048,SKU-VWX,1,"14,73"
o_1049,SKU-MNO,1,"94,83"
o_1049,SKU-GHI,1,USD 29.47
o_1050,SKU-D56,1,$290.22
o_1051,SKU-YZA,3,USD 16.52
o_1051,SKU-MNO,01,$90.68
o_1051,SKU-B12,1,$140.14
o_1052,SKU-B12,1,$174.88
o_1052,SKU-STU, 1 ,USD 10.77
o_1053,SKU-JKL,2,USD 43.50
o_1054,SKU-YZA,01,$19.02
o_1055,SKU-DEF, 1 ,USD 97.22
o_1056,SKU-ABC,2,  14.31  
o_1056,SKU-DEF,2,EUR 105.55
o_1057,SKU-C34,2,$194.24
o_1057,SKU-GHI, 3 ,USD 28.24
o_1058,SKU-STU,1,$9.97
o_1059,SKU-DEF,3,$124.72
o_1059,SKU-STU,1,$12.67
o_1060,SKU-B12,01,€164.87
o_1061,SKU-YZA,1,"19,82"
o_1061,SKU-MNO,3,€81.66
o_1062,SKU-ABC,1,  16.87  
o_1062,SKU-C34,1,USD 202.36
o_1062,SKU-DEF, 1 ,USD 95.52
o_1063,SKU-YZA,1,USD 16.94
o_1063,SKU-MNO,1,"92,78"
o_1064,SKU-C34,01,USD 183.32
o_1064,SKU-PQR,02,USD 123.13
o_1065,SKU-MNO,1,USD 81.03
o_1065,SKU-STU,01,$10.45
o_1065,SKU-GHI,2,$31.66
o_1066,SKU-ABC,2,$18.30
o_1066,SKU-MNO,01,$77.53
o_1066,SKU-YZA,03,$20.41
o_1067,SKU-GHI,1,  31.10  
o_1067,SKU-YZA,03,$22.88
o_1068,SKU-C34,01,  189.06  
o_1069,SKU-C34,1,$184.71
o_1069,SKU-YZA,01,$18.62
o_1069,SKU-B12,1,  182.91  
o_1070,SKU-GHI,02,CAD 33.23
o_1070,SKU-PQR, 1 ,C$134.79
o_1070,SKU-D56,1,C$293.49
o_1071,SKU-YZA,1,€18.79
o_1072,SKU-ABC,03,EUR 20.08
o_1073,SKU-PQR, 1 ,CAD 138.09
o_1073,SKU-VWX, 2 ,C$14.71
o_1073,SKU-ABC,1,C$15.77
o_1074,SKU-PQR,1,USD 131.66
o_1075,SKU-JKL,3,  41.77  
o_1076,SKU-JKL,3,USD 46.64
o_1077,SKU-DEF,01,$109.23
o_1078,SKU-VWX,1,USD 12.34
o_1079,SKU-YZA,1,USD 18.47
o_1079,SKU-GHI,1,$29.04
o_1080,SKU-C34,1,  258.23  
o_1081,SKU-YZA,1,USD 19.21
o_1081,SKU-GHI,1,USD 27.67
o_1082,SKU-YZA,1,$19.16
o_1083,SKU-STU,1,€12.12
o_1083,SKU-JKL,01,EUR 50.85
o_1083,SKU-YZA, 1 ,EUR 19.03
o_1084,SKU-D56,1,USD 231.86
o_1085,SKU-D56,2,$265.15
o_1085,SKU-MNO,1,$92.70
o_1085,SKU-STU,2,$10.22
o_1086,SKU-VWX,02,USD 11.36
o_1086,SKU-YZA,1,$20.41
o_1087,SKU-DEF,3,GBP 107.18
o_1088,SKU-JKL,2,  56.39  
o_1089,SKU-PQR,1,  116.61  
o_1090,SKU-B12,1,USD 172.37
o_1091,SKU-JKL,01,$40.68
o_1091,SKU-B12,01,USD 181.14
o_1091,SKU-D56,2,  260.06  
o_1092,SKU-DEF,1,USD 94.20
o_1093,SKU-C34,1,€239.56
o_1093,SKU-ABC, 1 ,€15.90
o_1094,SKU-DEF,1,$116.27
o_1095,SKU-PQR,1,USD 136.90
o_1095,SKU-DEF,1,$96.07
o_1095,SKU-YZA,02,$23.19
o_1096,SKU-MNO,1,€86.91
o_1096,SKU-C34,03,€248.31
o_1096,SKU-VWX,01,  14.15  
o_1097,SKU-YZA,01,$18.41
o_1098,SKU-D56,01,USD 304.06
o_1099,SKU-B12, 1 ,$167.37
o_1100,SKU-JKL,2,$57.83
o_1100,SKU-VWX,2,$13.79
o_1101,SKU-JKL,2,  49.46  
o_1102,SKU-DEF,2,"96,28"
o_1102,SKU-C34, 1 ,USD 223.62
o_1102,SKU-STU,1,$12.38
o_1103,SKU-STU,01,  9.78  
o_1104,SKU-VWX,1,  11.87  
o_1105,SKU-ABC,01,€19.65
o_1106,SKU-C34,1,$223.72
o_1106,SKU-D56,1,$249.74
o_1107,SKU-ABC,1,$19.30
o_1107,SKU-STU, 1 ,$11.60
o_1108,SKU-PQR,1,EUR 139.13
o_1109,SKU-JKL, 1 ,USD 47.43
o_1109,SKU-D56,1,$298.34
o_1110,SKU-YZA,1,USD 21.66
o_1111,SKU-GHI,1,  27.94  
o_1112,SKU-GHI,01,£33.60
o_1113,SKU-VWX,3,$12.31
o_1113,SKU-JKL,1,USD 51.38
o_1114,SKU-VWX,1,USD 16.06
o_1115,SKU-DEF,03,$125.22
o_1116,SKU-C34,1,$218.36
o_1117,SKU-ABC,3,EUR 19.96
o_1117,SKU-DEF,1,EUR 102.22
o_1118,SKU-JKL,03,$50.87
o_1119,SKU-STU, 1 ,$11.75
o_1120,SKU-VWX,01,$13.36
o_1121,SKU-STU,01,USD 11.65
o_1122,SKU-GHI,02,USD 30.41
o_1123,SKU-ABC,1,$18.59
o_1124,SKU-MNO,1,  90.75  
o_1125,SKU-MNO, 1 ,EUR 74.20
o_1126,SKU-D56,2,"287,61"
o_1127,SKU-YZA,1,USD 16.44
o_1128,SKU-D56, 1 ,USD 248.19
o_1129,SKU-GHI,3,USD 35.33
o_1129,SKU-JKL,1,"43,73"
o_1129,SKU-MNO, 3 ,$72.57
o_1130,SKU-ABC,01,USD 17.36
o_1130,SKU-B12,03,  167.56  
o_1131,SKU-YZA, 2 ,USD 19.47
o_1131,SKU-ABC,03,$18.19
o_1132,SKU-PQR,1,€151.92
o_1132,SKU-ABC,3,EUR 18.31
o_1133,SKU-B12,02,GBP 171.65
o_1134,SKU-YZA,3,CAD 18.16
o_1135,SKU-GHI,3,USD 34.36
o_1135,SKU-ABC,03,USD 16.33
o_1136,SKU-DEF,1,EUR 125.37
o_1137,SKU-DEF,02,$95.48
o_1137,SKU-B12,03,$145.93
o_1138,SKU-C34,1,USD 218.23
o_1138,SKU-JKL,3,$54.71
o_1139,SKU-DEF,01,USD 91.60
o_1140,SKU-JKL,02,USD 57.68
o_1140,SKU-B12, 1 ,$138.96
o_1141,SKU-ABC,03,C$15.80
o_1141,SKU-B12,1,C$192.00
o_1142,SKU-STU,1,£10.57
o_1142,SKU-C34, 1 ,£220.64
o_1143,SKU-B12,03,GBP 153.69
o_1144,SKU-PQR,1,USD 119.05
o_1145,SKU-JKL,1,USD 49.91
o_1146,SKU-D56,01,USD 259.04
o_1147,SKU-JKL,02,  45.48  
o_1147,SKU-MNO,1,$91.06
o_1147,SKU-STU,2,  12.27  
o_1148,SKU-C34,03,$244.14
o_1148,SKU-D56,1,USD 311.61
o_1148,SKU-MNO,01,  95.19  
o_1149,SKU-PQR,2,  142.67  
o_1149,SKU-DEF,2,  93.64  
o_1150,SKU-VWX, 1 ,$15.46
o_1150,SKU-B12,01,$172.73
o_1151,SKU-DEF,1,  124.74  
o_1152,SKU-YZA,1,€18.08
o_1153,SKU-YZA, 1 ,USD 19.98
o_1154,SKU-GHI,02,  28.97  
o_1154,SKU-PQR,2,$129.99
o_1154,SKU-DEF,1,$127.45
o_1155,SKU-PQR,1,€115.29
o_1155,SKU-MNO,3,€74.55
o_1155,SKU-GHI,1,EUR 33.64
o_1156,SKU-YZA,1,"19,29"
o_1157,SKU-MNO,3,USD 93.85
o_1157,SKU-B12, 1 ,USD 147.37
o_1158,SKU-YZA,1,GBP 17.18
o_1158,SKU-ABC,1,GBP 15.67
o_1159,SKU-YZA,1,EUR 22.05
o_1159,SKU-MNO,01,€81.61
o_1160,SKU-DEF,2,£117.06
o_1160,SKU-GHI,1,£34.96
o_1161,SKU-DEF,01,$103.23
o_1162,SKU-DEF,1,  112.60  
o_1163,SKU-YZA,1,USD 18.22
o_1163,SKU-GHI,2,"27,50"
o_1163,SKU-MNO, 1 ,  83.75  
o_1164,SKU-B12,01,USD 151.36
o_1164,SKU-JKL,1,$53.01
o_1165,SKU-PQR,1,£140.61
o_1166,SKU-C34,1,"205,15"
o_1167,SKU-MNO,02,$81.29
o_1168,SKU-VWX,02,$13.03
o_1168,SKU-MNO,3,$71.52
o_1168,SKU-ABC,3,USD 16.77
o_1169,SKU-C34,1,$257.60
o_1170,SKU-MNO,2,USD 79.63
o_1170,SKU-ABC,01,USD 15.68
o_1170,SKU-C34,01,$248.67
o_1171,SKU-GHI, 2 ,$36.89
o_1171,SKU-C34,02,USD 185.13
o_1171,SKU-MNO,1,USD 97.41
o_1172,SKU-D56,1,$233.55
o_1173,SKU-YZA,1,CAD 17.79
o_1174,SKU-STU,01,  12.07  
o_1174,SKU-YZA,01,"21,94"
o_1174,SKU-ABC,1,"18,61"
o_1175,SKU-DEF,01,$125.44
o_1176,SKU-GHI,1,$34.73
o_1176,SKU-YZA,1,  21.21  
o_1177,SKU-PQR,01,$121.95
o_1178,SKU-YZA,2,USD 18.33
o_1179,SKU-STU,1,$9.77
o_1180,SKU-ABC,2,€15.03
o_1181,SKU-PQR,01,  135.43  
o_1182,SKU-PQR,03,GBP 111.79
o_1182,SKU-JKL,02,£54.46
o_1182,SKU-C34,1,GBP 202.64
o_1183,SKU-DEF,1,  117.82  
o_1184,SKU-YZA,1,USD 20.06
o_1184,SKU-STU,1,$12.30
o_1185,SKU-D56,01,$248.61
o_1185,SKU-GHI,2,$29.68
o_1185,SKU-JKL,1,$57.80
o_1186,SKU-GHI,02,€37.29
o_1187,SKU-ABC,1,$19.16
o_1188,SKU-D56,01,  308.35  
o_1189,SKU-STU,3,C$12.15
o_1189,SKU-C34,1,C$241.58
o_1189,SKU-JKL,1,CAD 52.22
o_1190,SKU-GHI,01,GBP 26.97
o_1191,SKU-DEF,1,CAD 125.92
o_1192,SKU-ABC,1,"14,71"
o_1192,SKU-VWX,1,$15.68
o_1192,SKU-JKL,02,USD 43.33
o_1193,SKU-VWX,01,USD 15.43
o_1194,SKU-MNO,1,$93.56
o_1194,SKU-JKL,1,USD 48.95
o_1194,SKU-C34,01,USD 183.19
o_1195,SKU-C34,2,  184.40  
o_1196,SKU-STU,2,USD 9.26
o_1197,SKU-MNO,3,EUR 68.75
o_1198,SKU-MNO,1,€79.50
o_1199,SKU-C34,2,USD 232.18
o_1200,SKU-STU,01,USD 10.15
o_1200,SKU-C34,3,  196.73  
o_1201,SKU-PQR, 1 ,€118.58
o_1202,SKU-DEF,02,EUR 106.26
o_1203,SKU-GHI,01,$31.92
o_1204,SKU-MNO, 2 ,USD 96.12
o_1204,SKU-ABC,1,USD 15.47
o_1205,SKU-B12,1,USD 178.29
o_1205,SKU-STU,1,$12.15
o_1206,SKU-D56,02,  309.24  
o_1207,SKU-STU,01,$11.16
o_1207,SKU-B12,1,  183.17  
o_1207,SKU-YZA,1,  20.22  
o_1208,SKU-STU,2,€9.79
o_1208,SKU-B12,01,"161,02"
o_1209,SKU-MNO,1,$84.84
o_1209,SKU-ABC,2,USD 16.37
o_1210,SKU-ABC,3,  19.63  
o_1211,SKU-YZA,2,  22.65  
o_1212,SKU-D56,01,€305.92
o_1212,SKU-C34,1,"234,81"
o_1213,SKU-PQR,3,$128.02
o_1213,SKU-STU,02,USD 12.26
o_1214,SKU-C34,1,€200.27
o_1215,SKU-B12,1,$174.61
o_1216,SKU-C34,01,  245.99  
o_1216,SKU-DEF,02,$124.90
o_1216,SKU-MNO,3,$89.46
o_1217,SKU-MNO,02,$90.33
o_1217,SKU-C34,02,$218.21
o_1218,SKU-PQR, 1 ,USD 133.81
o_1219,SKU-D56,1,CAD 310.72
o_1220,SKU-YZA,1,USD 20.93
o_1221,SKU-JKL,1,$57.38
o_1222,SKU-C34, 1 ,USD 224.32
o_1223,SKU-C34,1,  247.55  
o_1224,SKU-B12,2,$153.51
o_1225,SKU-MNO, 1 ,  86.30  
o_1226,SKU-YZA,01,C$23.06
o_1226,SKU-ABC,01,  15.94  
o_1227,SKU-MNO,1,USD 94.80
o_1228,SKU-STU,01,USD 9.73
o_1228,SKU-B12,2,USD 177.17
o_1229,SKU-C34,2,  203.06  
o_1230,SKU-VWX,3,$12.37
o_1230,SKU-D56,2,$288.29
o_1231,SKU-C34, 1 ,USD 189.26
o_1232,SKU-YZA,2,USD 22.69
o_1232,SKU-VWX,1,$11.96
o_1233,SKU-GHI,1,$34.71
o_1234,SKU-DEF,02,USD 117.51
o_1234,SKU-MNO,1,$81.05
o_1235,SKU-C34,1,$225.25
o_1235,SKU-D56,2,$246.16
o_1236,SKU-PQR,02,USD 145.18
o_1236,SKU-DEF,1,$127.89
o_1236,SKU-JKL,2,$48.80
o_1237,SKU-JKL,1,$51.13
o_1237,SKU-D56,1,$263.86
o_1238,SKU-ABC,1,$19.14
o_1238,SKU-D56,1,$293.69
o_1239,SKU-VWX,1,  13.13  
o_1239,SKU-B12,1,€173.95
o_1239,SKU-DEF,01,EUR 104.47
o_1240,SKU-STU, 1 ,$10.99
o_1241,SKU-B12,01,USD 175.75
o_1242,SKU-D56,01,$253.24
o_1243,SKU-STU,01,USD 10.70
o_1244,SKU-STU,02,USD 11.08
o_1245,SKU-GHI,01,EUR 26.56
o_1246,SKU-D56, 2 ,£289.35
o_1247,SKU-DEF,1,$99.20
o_1247,SKU-STU,01,  10.56  
o_1247,SKU-JKL, 2 ,USD 47.81
o_1248,SKU-D56,1,$319.50
o_1249,SKU-VWX,1,  12.02  
o_1250,SKU-YZA,1,GBP 16.76
o_1251,SKU-DEF,1,£107.11
o_1251,SKU-VWX,02,  11.25  
o_1251,SKU-GHI,1,£33.67
o_1252,SKU-C34,01,$215.27
o_1253,SKU-YZA,1,$18.16
o_1253,SKU-B12, 1 ,$185.79
o_1254,SKU-VWX,1,"12,74"
o_1254,SKU-B12,2,$187.05
o_1254,SKU-YZA,01,USD 22.35
o_1255,SKU-YZA,01,USD 18.98
o_1255,SKU-VWX,01,USD 15.91
o_1255,SKU-GHI,1,USD 36.11
o_1256,SKU-VWX,01,£16.06
o_1256,SKU-D56, 1 ,£277.02
o_1257,SKU-JKL,2,USD 50.82
o_1257,SKU-C34,01,  247.38  
o_1257,SKU-MNO,02,$95.72
o_1258,SKU-YZA,1,C$23.00
o_1259,SKU-C34,2,$211.33
o_1260,SKU-MNO,1,$93.03
o_1260,SKU-VWX, 1 ,$11.37
o_1261,SKU-D56,01,$258.56
o_1262,SKU-JKL,2,$50.04
o_1262,SKU-MNO,1,USD 83.46
o_1263,SKU-PQR,1,$112.87
o_1263,SKU-YZA,1,$23.16
o_1264,SKU-GHI,1,EUR 31.21
o_1264,SKU-D56,02,€318.58
o_1265,SKU-STU,2,  11.91  
o_1266,SKU-GHI,2,CAD 26.28
o_1266,SKU-JKL,1,CAD 55.95
o_1266,SKU-DEF,01,CAD 118.96
o_1267,SKU-STU,3,$12.74
o_1268,SKU-YZA,2,CAD 18.19
o_1269,SKU-STU,1,  9.29  
o_1270,SKU-JKL,2,€48.41
o_1271,SKU-STU,2,USD 10.36
o_1271,SKU-B12,1,USD 175.86
o_1272,SKU-ABC, 1 ,C$18.85
o_1273,SKU-B12,2,USD 138.34
o_1273,SKU-STU, 1 ,USD 9.99
o_1274,SKU-ABC, 1 ,  19.88  
o_1275,SKU-MNO,2,USD 81.45
o_1276,SKU-STU,03,$12.86
o_1277,SKU-YZA,02,  23.01  
o_1278,SKU-D56,2,€233.41
o_1279,SKU-B12,1,EUR 180.45
o_1279,SKU-JKL,1,€52.23
o_1279,SKU-VWX,2,€12.91
o_1280,SKU-MNO,1,  82.94  
o_1280,SKU-STU, 2 ,GBP 11.46
o_1281,SKU-ABC,1,  17.55  
o_1282,SKU-PQR,2,  138.00  
o_1282,SKU-C34,01,€237.30
o_1282,SKU-STU,01,EUR 11.72
o_1283,SKU-VWX,1,$12.63
o_1284,SKU-B12,2,$169.47
o_1284,SKU-YZA,02,$21.13
o_1284,SKU-ABC,1,  17.97  
o_1285,SKU-B12, 1 ,£145.89
o_1286,SKU-C34,02,C$196.87
o_1287,SKU-DEF,2,"107,33"
o_1288,SKU-STU,2,$9.71
o_1289,SKU-VWX,02,  14.60  
o_1290,SKU-ABC,01,$15.51
o_1290,SKU-MNO,1,USD 81.61
o_1291,SKU-PQR,1,  125.03  
o_1292,SKU-VWX,1,USD 12.76
o_1293,SKU-PQR,1,£119.01
o_1294,SKU-STU,2,$12.81
o_1294,SKU-MNO,02,$87.73
o_1295,SKU-STU,1,$9.00
o_1295,SKU-MNO,1,$87.43
o_1296,SKU-VWX,1,£14.22
o_1296,SKU-ABC,1,GBP 17.48
o_1297,SKU-YZA,1,$17.03
o_1298,SKU-PQR,02,USD 108.57
o_1299,SKU-C34,3,  193.65  
o_1300,SKU-C34,1,  245.96  
o_1300,SKU-ABC,2,USD 18.78
o_1301,SKU-ABC,2,GBP 18.56
o_1302,SKU-JKL, 1 ,USD 46.39
o_1303,SKU-B12,01,$154.64
o_1304,SKU-JKL,1,USD 46.45
o_1304,SKU-GHI,1,USD 29.98
o_1304,SKU-VWX,1,$15.48
o_1305,SKU-DEF,1,USD 114.34
o_1306,SKU-JKL, 1 ,C$45.52
o_1307,SKU-D56,01,"319,87"
o_1308,SKU-PQR, 1 ,EUR 117.99
o_1309,SKU-B12,1,USD 154.78
o_1309,SKU-D56,1,$299.11
o_1309,SKU-DEF,1,$109.06
o_1310,SKU-MNO, 1 ,USD 71.81
o_1310,SKU-DEF,1,  103.39  
o_1310,SKU-B12,01,USD 170.87
o_1311,SKU-MNO,01,USD 69.94
o_1311,SKU-B12, 2 ,$150.00
o_1312,SKU-STU,1,$9.52
o_1312,SKU-D56,01,$303.47
o_1313,SKU-JKL,3,"45,70"
o_1314,SKU-B12,01,$134.53
o_1314,SKU-C34,01,$184.86
o_1315,SKU-DEF,01,USD 99.77
o_1315,SKU-MNO,01,  92.57  
o_1316,SKU-B12, 1 ,USD 147.66
o_1317,SKU-B12,1,$176.21
o_1318,SKU-PQR,1,€134.52
o_1318,SKU-YZA,1,€18.21
o_1319,SKU-C34,01,USD 192.71
o_1319,SKU-PQR,2,$108.94
o_1320,SKU-YZA,1,USD 16.95
o_1321,SKU-PQR,03,$131.35
o_1322,SKU-STU,1,  11.65  
o_1323,SKU-DEF,01,USD 98.21
o_1324,SKU-PQR,1,£149.50
o_1324,SKU-C34,01,£223.81
o_1325,SKU-D56,1,USD 241.09
o_1325,SKU-GHI,3,USD 30.28
o_1326,SKU-GHI,3,  26.14  
o_1326,SKU-YZA,3,$16.49
o_1326,SKU-MNO,2,$86.12
o_1327,SKU-YZA,1,CAD 20.28
o_1327,SKU-VWX,1,"14,73"
o_1327,SKU-C34,3,C$192.84
o_1328,SKU-D56,02,EUR 238.84
o_1328,SKU-B12,02,€153.08
o_1329,SKU-PQR,1,GBP 128.85
o_1330,SKU-DEF,3,EUR 99.96
o_1331,SKU-VWX,1,$13.88
o_1331,SKU-JKL,1,  47.64  
o_1331,SKU-D56,2,  245.87  
o_1332,SKU-B12,1,C$149.86
o_1333,SKU-STU,01,USD 10.69
o_1334,SKU-ABC, 1 ,$14.50
o_1334,SKU-VWX,1,  15.32  
o_1334,SKU-PQR,2,"127,57"
o_1335,SKU-VWX,02,$13.50
o_1336,SKU-PQR,2,USD 122.89
o_1336,SKU-MNO,1,USD 76.42
o_1337,SKU-MNO, 1 ,$85.03
o_1337,SKU-B12,1,USD 164.06
o_1338,SKU-MNO,01,  70.29  
o_1338,SKU-YZA,1,"22,50"
o_1338,SKU-ABC,2,C$14.53
o_1339,SKU-JKL,01,EUR 49.27
o_1340,SKU-JKL,1,  47.22  
o_1340,SKU-STU,1,USD 12.85
o_1341,SKU-YZA,1,C$17.28
o_1342,SKU-JKL,1,USD 58.37
o_1343,SKU-VWX,01,$15.51
o_1343,SKU-C34,01,$185.42
o_1344,SKU-VWX,2,$14.62
o_1345,SKU-ABC,02,EUR 15.30
o_1346,SKU-MNO,1,€96.26
o_1347,SKU-STU,1,$9.95
o_1348,SKU-JKL,1,USD 49.40
o_1348,SKU-MNO,1,USD 86.62
o_1349,SKU-B12,2,  153.30  
o_1350,SKU-VWX, 1 ,C$13.92
o_1350,SKU-YZA,1,CAD 22.33
o_1351,SKU-PQR,2,$144.93
o_1351,SKU-STU,02,USD 11.43
o_1351,SKU-YZA,1,$20.96
o_1352,SKU-PQR,1,$114.99
o_1352,SKU-VWX,02,$15.49
o_1352,SKU-MNO,01,  71.44  
o_1353,SKU-MNO,01,$74.53
o_1353,SKU-JKL,1,$42.23
o_1353,SKU-DEF,3,"110,78"
o_1354,SKU-JKL,03,USD 55.79
o_1355,SKU-DEF,01,USD 122.95
o_1356,SKU-YZA,1,USD 17.45
o_1356,SKU-GHI,1,USD 36.35
o_1357,SKU-JKL,1,"54,21"
o_1357,SKU-VWX,1,USD 13.66
o_1358,SKU-D56,02,EUR 238.54
o_1359,SKU-YZA,01,€19.47
o_1360,SKU-MNO,1,CAD 75.03
o_1361,SKU-JKL,1,"46,76"
o_1362,SKU-JKL,1,EUR 47.33
o_1362,SKU-PQR,1,  141.35  
o_1362,SKU-GHI,03,€26.35
o_1363,SKU-ABC,1,  17.11  
o_1364,SKU-YZA,2,USD 19.17
o_1364,SKU-GHI,3,$26.77
o_1365,SKU-ABC,1,£16.02
o_1365,SKU-D56,1,£230.31
o_1366,SKU-MNO,1,USD 79.36
o_1367,SKU-GHI, 3 ,$26.57
o_1368,SKU-VWX,1,  13.39  
o_1369,SKU-ABC, 1 ,USD 17.79
o_1369,SKU-B12,2,$148.93
o_1370,SKU-VWX,1,€15.24
o_1371,SKU-VWX,01,USD 15.34
o_1371,SKU-PQR,01,"154,78"
o_1372,SKU-ABC,1,$14.22
o_1373,SKU-VWX,1,GBP 12.61
o_1374,SKU-DEF,1,GBP 115.45
o_1374,SKU-STU,1,GBP 12.06
o_1375,SKU-DEF,1,USD 98.08
o_1375,SKU-B12,1,USD 188.94
o_1376,SKU-C34,1,EUR 203.19
o_1376,SKU-ABC,02,  18.79  
o_1377,SKU-GHI,1,USD 26.20
o_1378,SKU-MNO,1,CAD 83.70
o_1378,SKU-DEF,01,C$126.68
o_1379,SKU-DEF,2,EUR 95.65
o_1380,SKU-STU,1,$11.36
o_1380,SKU-B12,1,USD 175.95
o_1381,SKU-B12,1,USD 136.86
o_1382,SKU-YZA,1,$18.14
o_1383,SKU-VWX,1,  14.75  
o_1383,SKU-D56, 1 ,CAD 257.06
o_1384,SKU-B12,1,£173.97
o_1384,SKU-STU, 2 ,GBP 10.56
o_1384,SKU-MNO,1,GBP 71.59
o_1385,SKU-B12,3,€144.26
o_1386,SKU-B12,1,USD 146.03
o_1386,SKU-DEF,02,$115.57
o_1386,SKU-JKL,01,$47.38
o_1387,SKU-JKL,1,GBP 42.84
o_1388,SKU-C34, 3 ,USD 219.02
o_1389,SKU-GHI, 1 ,€26.58
o_1389,SKU-JKL,01,EUR 43.82
o_1390,SKU-YZA,01,$21.24
o_1391,SKU-GHI,01,$36.14
o_1392,SKU-STU,3,  10.43  
o_1393,SKU-D56, 2 ,$291.32
o_1394,SKU-VWX,01,$12.71
o_1395,SKU-ABC,01,$19.06
o_1395,SKU-JKL,1,USD 52.60
o_1395,SKU-MNO,2,USD 94.16
o_1396,SKU-MNO, 1 ,$67.72
o_1396,SKU-VWX,1,"15,07"
o_1396,SKU-DEF,01,$116.04
o_1397,SKU-JKL,1,€55.68
o_1397,SKU-MNO,1,€70.56
o_1398,SKU-B12,1,  170.84  
o_1399,SKU-JKL,01,USD 43.82
o_1400,SKU-DEF,01,EUR 118.52
o_1400,SKU-YZA,1,"19,45"
o_1401,SKU-C34,2,$249.05
o_1402,SKU-MNO,2,$78.01
o_1403,SKU-DEF,1,C$94.93
o_1404,SKU-GHI,1,USD 33.30
o_1405,SKU-MNO, 1 ,$71.30
o_1405,SKU-B12, 2 ,  144.84  
o_1405,SKU-C34,01,USD 209.65
o_1406,SKU-VWX,1,C$11.84
o_1407,SKU-VWX,01,  15.26  
o_1408,SKU-MNO,01,C$71.41
o_1408,SKU-STU,01,CAD 9.06
o_1409,SKU-MNO,02,£78.01
o_1410,SKU-YZA,1,USD 21.86
o_1410,SKU-VWX,01,USD 15.30
o_1410,SKU-C34,1,$194.26
o_1411,SKU-B12,2,  162.36  
o_1411,SKU-ABC,02,€15.50
o_1412,SKU-D56,2,USD 274.08
o_1413,SKU-B12,02,USD 146.53
o_1414,SKU-ABC,02,$17.96
o_1415,SKU-JKL,2,  40.97  
o_1416,SKU-B12,1,  143.18  
o_1416,SKU-D56,2,$297.05
o_1416,SKU-ABC,03,"14,12"
o_1417,SKU-C34,3,$202.08
o_1418,SKU-MNO,2,$69.41
o_1419,SKU-ABC,2,  19.68  
o_1419,SKU-GHI,1,USD 32.51
o_1420,SKU-YZA,2,$21.54
o_1420,SKU-C34,02,"190,96"
o_1421,SKU-MNO,2,CAD 87.14
o_1422,SKU-B12,01,  146.90  
o_1423,SKU-C34,1,EUR 201.88
o_1424,SKU-DEF, 1 ,  110.61  
o_1424,SKU-VWX,02,$11.99
o_1425,SKU-STU,1,EUR 11.39
o_1426,SKU-PQR, 2 ,$122.36
o_1427,SKU-GHI,1,  29.62  
o_1428,SKU-STU,1,  12.10  
o_1428,SKU-VWX,01,  13.80  
o_1428,SKU-MNO,02,CAD 68.27
o_1429,SKU-STU,1,C$10.49
o_1430,SKU-VWX,01,USD 11.85
o_1430,SKU-DEF,1,$103.52
o_1431,SKU-MNO,2,  79.37  
o_1432,SKU-DEF,01,USD 117.05
o_1433,SKU-STU,2,USD 10.09
o_1434,SKU-ABC, 1 ,$19.01
o_1435,SKU-YZA,01,CAD 22.83
o_1435,SKU-VWX,1,C$12.93
o_1436,SKU-ABC,1,  14.77  
o_1436,SKU-JKL,2,USD 52.22
o_1436,SKU-YZA,01,  19.84  
o_1437,SKU-B12,1,$160.39
o_1437,SKU-VWX, 1 ,  15.61  
o_1437,SKU-C34,1,$203.60
o_1438,SKU-ABC,1,GBP 16.04
o_1439,SKU-MNO,01,$84.07
o_1440,SKU-MNO, 1 ,USD 90.25
o_1440,SKU-VWX,03,$12.83
o_1441,SKU-VWX,03,USD 11.64
o_1441,SKU-DEF,01,USD 119.62
o_1442,SKU-C34,1,  202.26  
o_1443,SKU-D56,1,USD 288.62
o_1443,SKU-GHI,1,$29.93
o_1444,SKU-YZA,2,$18.04
o_1444,SKU-ABC,2,$17.46
o_1445,SKU-STU,1,CAD 9.23
o_1446,SKU-JKL,01,EUR 50.56
o_1447,SKU-VWX,1,  14.33  
o_1448,SKU-C34,3,USD 204.46
o_1449,SKU-VWX,1,GBP 15.29
o_1450,SKU-MNO,02,  82.97  
o_1450,SKU-YZA,2,$22.08
o_1450,SKU-D56,1,$294.50
o_1451,SKU-VWX,1,C$15.81
o_1452,SKU-JKL,1,USD 49.12
o_1453,SKU-YZA,1,EUR 17.91
o_1453,SKU-GHI,1,€29.26
o_1454,SKU-JKL,1,  49.67  
o_1455,SKU-D56,01,"268,64"
o_1455,SKU-GHI,1,USD 28.09
o_1456,SKU-MNO,1,EUR 83.34
o_1456,SKU-STU,1,  10.14  
o_1456,SKU-PQR,1,€121.45
o_1457,SKU-MNO,03,  84.59  
o_1458,SKU-MNO,1,USD 67.63
o_1459,SKU-MNO,01,$97.26
o_1460,SKU-B12,1,USD 179.12
o_1460,SKU-C34,1,$250.66
o_1461,SKU-GHI,1,$29.83
o_1462,SKU-YZA,02,  17.33  
o_1462,SKU-VWX,1,GBP 15.29
o_1463,SKU-PQR,1,$115.56
o_1464,SKU-YZA,1,CAD 18.09
o_1465,SKU-VWX,01,$14.52
o_1466,SKU-JKL,01,$43.55
o_1466,SKU-D56,1,$305.06
o_1466,SKU-B12,01,$180.57
o_1467,SKU-JKL,1,$56.89
o_1468,SKU-STU,3,$9.85
o_1469,SKU-PQR,1,USD 136.85
o_1469,SKU-VWX,01,  11.45  
o_1470,SKU-STU,1,EUR 9.82
o_1471,SKU-C34, 2 ,  205.52  
o_1471,SKU-GHI,2,GBP 33.62
o_1472,SKU-ABC,2,  17.66  
o_1472,SKU-GHI, 2 ,$35.55
o_1472,SKU-YZA,3,$18.58
o_1473,SKU-PQR, 1 ,C$146.34
o_1474,SKU-VWX,02,$14.98
o_1474,SKU-DEF,3,$124.30
o_1475,SKU-VWX,2,USD 11.65
o_1476,SKU-D56,01,$256.63
o_1476,SKU-GHI,1,USD 36.61
o_1477,SKU-C34,3,  224.37  
o_1477,SKU-GHI,1,C$30.89
o_1478,SKU-VWX,01,USD 11.29
o_1479,SKU-PQR,1,CAD 148.56
o_1479,SKU-B12,1,C$169.83
o_1480,SKU-STU,1,EUR 10.95
o_1481,SKU-PQR,02,USD 152.33
o_1481,SKU-C34,02,$208.52
o_1482,SKU-STU,1,£12.40
o_1482,SKU-PQR, 1 ,GBP 155.62
o_1482,SKU-VWX,02,GBP 12.96
o_1483,SKU-ABC,1,CAD 16.37
o_1483,SKU-B12,02,C$181.16
o_1484,SKU-JKL,1,$43.03
o_1485,SKU-JKL,1,USD 46.45
o_1486,SKU-DEF,1,£110.31
o_1487,SKU-DEF,01,$107.89
o_1487,SKU-C34,2,$246.33
o_1487,SKU-D56,01,$291.97
o_1488,SKU-GHI,1,USD 29.84
o_1488,SKU-MNO,1,USD 89.50
o_1488,SKU-ABC,2,$15.44
o_1489,SKU-PQR,1,"118,82"
o_1489,SKU-ABC,01,USD 13.98
o_1490,SKU-PQR,1,  148.10  
o_1491,SKU-STU,1,€12.61
o_1491,SKU-GHI,1,EUR 37.04
o_1491,SKU-JKL,1,  44.16  
o_1492,SKU-STU,1,EUR 9.24
o_1493,SKU-C34,1,CAD 255.44
o_1494,SKU-GHI,3,$27.26
o_1494,SKU-D56,1,$253.42
o_1495,SKU-B12,01,USD 151.45
o_1496,SKU-B12, 1 ,CAD 187.11
o_1497,SKU-JKL,3,C$53.62
o_1497,SKU-VWX,1,C$14.18
o_1498,SKU-JKL,1,  57.99  
o_1499,SKU-C34,1,  200.87  
o_1500,SKU-VWX,03,USD 13.51
o_1500,SKU-MNO,2,$75.59
o_1501,SKU-ABC,1,$17.04
o_1502,SKU-MNO,1,€90.26
o_1502,SKU-C34,3,EUR 223.88
o_1503,SKU-GHI,2,€28.15
o_1503,SKU-DEF,1,EUR 103.61
o_1504,SKU-PQR,1,USD 143.23
o_1504,SKU-B12,1,  144.62  
o_1505,SKU-C34,01,  203.57  
o_1506,SKU-D56,1,"309,25"
o_1507,SKU-VWX,01,USD 13.91
o_1507,SKU-MNO,2,  80.20  
o_1508,SKU-STU,1,  12.46  
o_1508,SKU-VWX,01,$14.98
o_1509,SKU-JKL,01,$56.39
o_1509,SKU-STU,1,USD 12.18
o_1510,SKU-PQR,1,€153.91
o_1511,SKU-D56,1,USD 261.71
o_1512,SKU-ABC,1,"18,45"
o_1513,SKU-STU,2,  11.73  
o_1514,SKU-ABC,1,USD 16.12
o_1515,SKU-C34,1,C$229.16
o_1516,SKU-B12,1,£139.98
o_1516,SKU-VWX,03,  12.53  
o_1517,SKU-JKL,01,USD 53.01
o_1517,SKU-B12,3,$172.54
o_1517,SKU-PQR,1,$154.97
o_1518,SKU-C34,01,  244.79  
o_1518,SKU-JKL,1,USD 45.54
o_1519,SKU-MNO,2,$78.56
o_1520,SKU-C34,01,$210.29
o_1520,SKU-DEF,3,$111.80
o_1521,SKU-MNO, 1 ,€90.71
o_1522,SKU-ABC,01,USD 16.42
o_1523,SKU-PQR,01,$134.35
o_1524,SKU-DEF,01,$107.33
o_1524,SKU-MNO,2,USD 93.09
o_1524,SKU-PQR,1,$116.36
o_1525,SKU-STU,1,€11.01
o_1525,SKU-GHI,01,€36.90
o_1526,SKU-GHI,01,£32.88
o_1526,SKU-YZA,2,£18.40
o_1527,SKU-YZA,1,£20.40
o_1528,SKU-MNO,1,$80.88
o_1529,SKU-MNO,01,USD 73.14
o_1530,SKU-MNO,1,USD 71.74
o_1530,SKU-PQR,01,USD 119.71
o_1531,SKU-VWX,01,EUR 13.91
o_1532,SKU-GHI,02,€26.45
o_1532,SKU-JKL,1,€48.72
o_1532,SKU-STU,1,€9.78
o_1533,SKU-PQR,1,"143,31"
o_1534,SKU-STU,1,  9.62  
o_1534,SKU-ABC,03,USD 15.10
o_1534,SKU-MNO,1,  92.31  
o_1535,SKU-DEF,1,€118.54
o_1536,SKU-PQR,1,EUR 134.53
o_1537,SKU-D56,1,USD 250.84
o_1537,SKU-C34,1,$203.43
o_1537,SKU-MNO,1,$78.94
o_1538,SKU-STU,01,  11.15  
o_1538,SKU-C34,1,$214.56
o_1539,SKU-DEF,02,USD 115.88
o_1540,SKU-JKL,2,$56.71
o_1541,SKU-ABC, 1 ,$16.77
o_1542,SKU-PQR,1,€142.24
o_1542,SKU-B12,1,€144.29
o_1543,SKU-C34,3,$216.07
o_1544,SKU-C34,02,£246.20
o_1544,SKU-VWX,1,GBP 13.21
o_1545,SKU-MNO,1,$95.61
o_1546,SKU-STU,1,USD 10.43
o_1547,SKU-GHI,1,EUR 30.11
o_1547,SKU-ABC, 1 ,EUR 15.61
o_1548,SKU-MNO,01,  78.58  
o_1549,SKU-DEF, 2 ,USD 113.74
o_1549,SKU-D56,01,$247.24
o_1550,SKU-YZA,1,$18.98
o_1550,SKU-GHI,01,$33.58
o_1550,SKU-STU, 1 ,USD 11.65
o_1551,SKU-PQR,01,C$145.65
o_1552,SKU-D56,01,USD 281.08
o_1553,SKU-STU,1,$9.56
o_1553,SKU-B12,1,USD 175.22
o_1554,SKU-D56,2,  316.17  
o_1554,SKU-GHI,1,$26.27
o_1555,SKU-C34,01,$206.03
o_1556,SKU-VWX,2,$12.48
o_1557,SKU-STU,01,USD 9.41
o_1558,SKU-ABC,2,"19,41"
o_1558,SKU-PQR,1,USD 144.18
o_1559,SKU-VWX,1,$14.97
o_1559,SKU-D56,01,USD 320.44
o_1560,SKU-PQR,1,$132.37
o_1561,SKU-C34, 1 ,$186.91
o_1562,SKU-YZA,01,$21.80
o_1563,SKU-PQR,1,$131.67
o_1564,SKU-STU,1,USD 10.07
o_1564,SKU-MNO,01,$83.71
o_1565,SKU-DEF,1,  123.09  
o_1566,SKU-DEF,02,C$89.34
o_1566,SKU-C34,1,  180.83  
o_1566,SKU-JKL,01,C$42.90
o_1567,SKU-C34,1,EUR 211.23
o_1568,SKU-ABC,03,  18.41  
o_1568,SKU-D56,1,CAD 291.26
o_1569,SKU-JKL,1,USD 43.15
o_1569,SKU-GHI, 1 ,USD 35.83
o_1569,SKU-B12,3,$185.71
o_1570,SKU-DEF,1,USD 113.98
o_1571,SKU-JKL,3,$46.02
o_1571,SKU-B12,1,  153.04  
o_1571,SKU-D56,01,USD 288.31
o_1572,SKU-PQR,2,$113.26
o_1572,SKU-GHI, 1 ,USD 31.88
o_1573,SKU-ABC,02,$19.59
o_1573,SKU-MNO,01,  81.72  
o_1574,SKU-GHI,1,$28.22
o_1574,SKU-YZA,3,USD 22.39
o_1575,SKU-GHI,1,EUR 29.32
o_1576,SKU-C34,1,C$200.36
o_1576,SKU-ABC,1,C$17.02
o_1577,SKU-ABC,1,$14.73
o_1578,SKU-JKL,3,$54.44
o_1578,SKU-B12,2,"177,87"
o_1579,SKU-ABC,1,$16.90
o_1579,SKU-GHI,2,USD 29.98
o_1580,SKU-ABC,02,USD 16.99
o_1580,SKU-GHI,1,$32.15
o_1581,SKU-STU,1,  12.63  
o_1581,SKU-YZA,1,  19.07  
o_1581,SKU-DEF, 1 ,  122.65  
o_1582,SKU-VWX,1,€14.73
o_1583,SKU-PQR, 1 ,€141.92
o_1583,SKU-YZA,01,  18.41  
o_1584,SKU-DEF,2,$95.37
o_1585,SKU-YZA,2,$21.15
o_1585,SKU-JKL,01,  56.62  
o_1586,SKU-ABC,1,$18.74
o_1586,SKU-C34, 1 ,$229.38
o_1587,SKU-MNO,01,€86.57
o_1588,SKU-C34,01,$191.93
o_1588,SKU-ABC,01,$15.87
o_1588,SKU-D56,1,$265.18
o_1589,SKU-STU,02,C$12.31
o_1589,SKU-D56, 3 ,  273.47  
o_1590,SKU-DEF,1,EUR 91.09
o_1591,SKU-D56,1,£234.14
o_1592,SKU-DEF,3,  101.30  
o_1593,SKU-PQR,3,  135.97  
o_1593,SKU-B12,1,EUR 137.08
o_1594,SKU-DEF,1,USD 101.11
o_1595,SKU-MNO,1,£79.46
o_1596,SKU-C34,02,USD 251.08
o_1596,SKU-B12,03,USD 136.45
o_1596,SKU-YZA,01,USD 17.45
o_1597,SKU-PQR,01,EUR 109.05
o_1598,SKU-B12,1,£163.32
o_1599,SKU-MNO, 1 ,USD 79.10
o_1600,SKU-YZA,1,C$18.17
o_1600,SKU-B12,3,C$161.66
o_1601,SKU-DEF,1,$119.68
o_1602,SKU-DEF,1,C$120.31
o_1603,SKU-C34,01,USD 212.54
o_1603,SKU-YZA, 3 ,USD 21.80
o_1603,SKU-JKL, 1 ,$54.72
o_1604,SKU-VWX,1,€15.05
o_1605,SKU-STU,2,USD 9.84
o_1606,SKU-VWX,1,USD 12.32
o_1606,SKU-STU,1,$9.50
o_1606,SKU-C34,2,"249,99"
o_1607,SKU-DEF,01,EUR 114.27
o_1607,SKU-PQR,1,EUR 147.31
o_1608,SKU-PQR,1,"135,24"
o_1609,SKU-MNO, 1 ,  96.73  
o_1609,SKU-PQR,2,  124.72  
o_1610,SKU-C34,1,$223.06
o_1610,SKU-VWX,2,  13.08  
o_1611,SKU-DEF,1,$112.02
o_1612,SKU-DEF,1,$119.76
o_1612,SKU-STU, 1 ,  12.95  
o_1612,SKU-D56,1,$237.21
o_1613,SKU-D56,1,$306.13
o_1613,SKU-PQR,2,$121.70
o_1614,SKU-YZA,01,  19.80  
o_1615,SKU-B12, 1 ,USD 157.22
o_1615,SKU-YZA,1,$20.86
o_1616,SKU-PQR,1,C$148.55
o_1617,SKU-DEF,2,$95.67
o_1618,SKU-PQR,2,"134,24"
o_1618,SKU-C34,01,$247.90
o_1619,SKU-STU,2,EUR 11.01
o_1619,SKU-ABC,2,€19.18
o_1620,SKU-B12,1,GBP 141.08
o_1620,SKU-MNO,2,  94.46  
o_1620,SKU-PQR, 1 ,£111.92
o_1621,SKU-B12,01,C$155.76
o_1622,SKU-JKL,03,$52.68
o_1623,SKU-C34,01,USD 218.93
o_1624,SKU-JKL, 1 ,$55.95
o_1624,SKU-DEF,01,$127.83
o_1625,SKU-YZA,02,USD 19.26
o_1625,SKU-PQR,1,USD 119.74
o_1625,SKU-DEF,1,USD 90.02
o_1626,SKU-MNO,1,USD 97.46
o_1627,SKU-JKL,1,USD 40.57
o_1627,SKU-STU,1,  12.03  
o_1627,SKU-YZA,3,$17.93
o_1628,SKU-B12,02,C$145.04
o_1629,SKU-C34,1,USD 239.11
o_1629,SKU-D56, 2 ,USD 241.90
o_1629,SKU-YZA,1,USD 18.66
o_1630,SKU-B12,01,$173.81
o_1630,SKU-C34,1,$218.31
o_1631,SKU-MNO,1,EUR 70.47
o_1631,SKU-ABC,1,€19.62
o_1631,SKU-GHI,2,€27.46
o_1632,SKU-D56,1,€230.76
o_1633,SKU-MNO,1,USD 94.59
o_1634,SKU-PQR,01,  140.67  
o_1634,SKU-ABC,01,$14.09
o_1635,SKU-GHI,1,USD 33.18
o_1636,SKU-C34,2,CAD 220.46
o_1636,SKU-STU, 1 ,CAD 10.98
o_1637,SKU-GHI,1,  28.60  
o_1637,SKU-C34,01,€257.90
o_1637,SKU-ABC,01,  17.97  
o_1638,SKU-D56,3,EUR 233.53
o_1639,SKU-JKL,1,$48.38
o_1640,SKU-STU,1,$10.06
o_1640,SKU-VWX,1,USD 13.74
o_1641,SKU-GHI,01,  36.69  
o_1642,SKU-MNO,01,CAD 91.28
o_1643,SKU-PQR, 3 ,$121.68
o_1644,SKU-B12,01,$163.67
o_1644,SKU-D56,1,USD 279.44
o_1645,SKU-ABC,1,C$18.52
o_1645,SKU-GHI,1,C$32.01
o_1646,SKU-B12,01,€165.69
o_1647,SKU-C34,02,  193.98  
o_1647,SKU-DEF,1,  106.48  
o_1647,SKU-MNO,01,£92.87
o_1648,SKU-C34,01,  189.13  
o_1648,SKU-STU,1,USD 12.38
o_1649,SKU-B12,01,  174.49  
o_1649,SKU-VWX,01,  12.09  
o_1650,SKU-MNO,1,CAD 96.78
o_1650,SKU-JKL,02,C$47.33
o_1651,SKU-DEF,1,€105.58
o_1651,SKU-PQR,02,€131.81
o_1651,SKU-STU,1,€9.46
o_1652,SKU-MNO,01,$95.61
o_1653,SKU-C34,03,USD 192.67
o_1654,SKU-VWX,01,$11.61
o_1655,SKU-C34,02,$258.68
o_1656,SKU-ABC, 1 ,  17.31  
o_1657,SKU-STU,2,USD 9.96
o_1657,SKU-B12,1,  162.27  
o_1658,SKU-ABC,01,$17.61
o_1658,SKU-JKL,1,USD 54.95
o_1658,SKU-MNO,1,$91.11
o_1659,SKU-GHI, 1 ,USD 34.64
o_1660,SKU-MNO,1,GBP 78.83
o_1660,SKU-D56,1,GBP 306.52
o_1660,SKU-PQR,1,£134.76
o_1661,SKU-ABC,01,$16.74
o_1661,SKU-VWX,02,USD 16.05
o_1661,SKU-STU,3,$10.68
o_1662,SKU-GHI,1,  30.42  
o_1662,SKU-STU,1,  10.78  
o_1663,SKU-D56,3,$254.82
o_1664,SKU-YZA,02,$22.71
o_1665,SKU-C34,01,GBP 250.88
o_1666,SKU-DEF,1,$126.58
o_1667,SKU-D56, 1 ,"274,22"
o_1667,SKU-ABC,02,$15.64
o_1668,SKU-ABC,1,USD 19.23
o_1669,SKU-DEF,1,USD 102.78
o_1669,SKU-PQR,1,  153.72  
o_1670,SKU-STU,02,$12.45
o_1671,SKU-STU,1,  12.19  
o_1672,SKU-C34, 2 ,USD 208.03
o_1672,SKU-STU,1,$10.54
o_1673,SKU-DEF,2,USD 122.33
o_1674,SKU-ABC,1,€19.85
o_1675,SKU-GHI,1,GBP 30.77
o_1676,SKU-VWX,1,$15.84
o_1677,SKU-PQR,1,$113.71
o_1678,SKU-STU,1,$10.61
o_1679,SKU-JKL,1,"45,66"
o_1680,SKU-B12,1,"165,15"
o_1681,SKU-YZA,01,€17.02
o_1682,SKU-STU, 3 ,  12.36  
o_1683,SKU-D56,2,€320.67
o_1684,SKU-JKL,03,$53.77
o_1685,SKU-GHI,03,$33.52
o_1685,SKU-DEF,03,$98.55
o_1685,SKU-YZA,2,USD 21.64
o_1686,SKU-DEF,1,$101.17
o_1687,SKU-YZA,2,$21.39
o_1688,SKU-PQR,02,$128.32
o_1688,SKU-D56,1,USD 234.02
o_1688,SKU-GHI,1,"26,12"
o_1689,SKU-DEF,3,$101.42
o_1690,SKU-MNO,1,USD 76.80
o_1690,SKU-JKL, 1 ,$49.11
o_1690,SKU-GHI,1,USD 28.19
o_1691,SKU-GHI,03,USD 36.96
o_1692,SKU-DEF,01,  99.70  
o_1693,SKU-C34,01,USD 185.37
o_1694,SKU-VWX,01,$12.80
o_1694,SKU-B12,01,USD 180.63
o_1694,SKU-C34,1,  180.12  
o_1695,SKU-C34,1,  249.16  
o_1695,SKU-B12,2,€185.32
o_1696,SKU-C34,2,  257.86  
o_1696,SKU-B12,1,USD 155.97
o_1697,SKU-C34,2,$251.12
o_1698,SKU-GHI,3,$26.10
o_1699,SKU-DEF,01,C$100.80
o_1699,SKU-VWX,2,C$13.20
o_1700,SKU-C34,1,$199.60
o_1701,SKU-MNO,2,$75.67
o_1702,SKU-ABC,01,USD 16.13
o_1703,SKU-YZA,1,EUR 20.35
o_1704,SKU-MNO,3,€91.51
o_1705,SKU-VWX,1,C$13.38
o_1705,SKU-ABC,1,C$15.56
o_1706,SKU-PQR,1,€141.62
o_1707,SKU-DEF,1,EUR 120.44
o_1708,SKU-DEF,02,USD 113.81
o_1709,SKU-B12,1,$182.99
o_1710,SKU-STU,1,USD 12.03
o_1711,SKU-B12,1,USD 147.92
o_1711,SKU-YZA,01,$19.00
o_1712,SKU-ABC,2,£18.18
o_1713,SKU-B12,1,USD 139.31
o_1713,SKU-C34,01,  192.80  
o_1714,SKU-PQR,1,$131.84
o_1715,SKU-VWX,1,EUR 14.03
o_1716,SKU-GHI,01,$33.33
o_1717,SKU-VWX,1,EUR 12.39
o_1717,SKU-DEF, 2 ,€90.75
o_1717,SKU-PQR,01,EUR 116.36
o_1718,SKU-DEF,1,USD 90.97
o_1718,SKU-YZA,1,USD 22.89
o_1718,SKU-GHI,3,USD 34.35
o_1719,SKU-JKL,01,GBP 48.13
o_1720,SKU-VWX,1,  14.67  
o_1720,SKU-D56,3,EUR 310.72
o_1721,SKU-YZA,1,USD 23.23
o_1721,SKU-B12,2,"185,38"
o_1722,SKU-PQR,1,$147.98
o_1722,SKU-D56, 1 ,$291.94
o_1723,SKU-STU,01,  10.39  
o_1724,SKU-PQR,01,GBP 129.14
o_1725,SKU-B12,1,USD 176.39
o_1726,SKU-C34,1,$233.40
o_1726,SKU-D56,1,USD 290.42
o_1726,SKU-PQR,1,USD 113.32
o_1727,SKU-PQR,1,€116.80
o_1728,SKU-YZA,02,$22.76
o_1728,SKU-C34,01,USD 251.25
o_1728,SKU-STU,1,USD 12.36
o_1729,SKU-MNO,3,  96.53  
o_1730,SKU-C34,1,$202.74
o_1731,SKU-GHI,2,  36.94  
o_1732,SKU-DEF,3,$94.89
o_1733,SKU-C34,01,$251.63
o_1733,SKU-GHI, 1 ,  29.42  
o_1734,SKU-MNO,1,  86.99  
o_1734,SKU-C34,01,USD 179.77
o_1735,SKU-C34,3,$236.12
o_1736,SKU-GHI,1,$32.87
o_1736,SKU-B12,1,$183.40
o_1737,SKU-DEF,1,USD 127.10
o_1737,SKU-MNO,1,$80.79
o_1738,SKU-STU,1,GBP 9.30
o_1738,SKU-C34, 1 ,£239.52
o_1739,SKU-GHI,1,  35.40  
o_1740,SKU-D56,1,  248.47  
o_1740,SKU-C34,01,$232.01
o_1740,SKU-YZA,01,USD 22.66
o_1741,SKU-C34,03,  250.83  
o_1742,SKU-STU,1,$12.00
o_1743,SKU-PQR,1,$127.18
o_1744,SKU-PQR,01,$121.08
o_1744,SKU-MNO, 1 ,$67.63
o_1745,SKU-JKL,1,$55.61
o_1745,SKU-PQR,1,USD 124.72
o_1746,SKU-VWX,01,  13.66  
o_1746,SKU-JKL,01,C$46.69
o_1746,SKU-C34,1,C$194.56
o_1747,SKU-GHI,01,$29.23
o_1747,SKU-DEF,1,  102.71  
o_1747,SKU-MNO,1,USD 77.70
o_1748,SKU-YZA,1,$17.37
o_1749,SKU-YZA,2,$20.31
o_1749,SKU-D56,1,$277.36
o_1750,SKU-C34,02,EUR 248.50
o_1750,SKU-PQR,01,EUR 153.70
o_1751,SKU-B12,1,C$191.51
o_1751,SKU-GHI,03,  30.54  
o_1752,SKU-STU,1,C$12.21
o_1753,SKU-GHI,2,£30.00
o_1754,SKU-D56, 1 ,USD 288.69
o_1755,SKU-B12,1,  160.46  
o_1756,SKU-D56,1,C$280.52
o_1756,SKU-VWX,2,C$12.45
o_1756,SKU-ABC,2,C$17.74
o_1757,SKU-PQR,1,USD 122.59
o_1758,SKU-D56,1,€262.61
o_1759,SKU-VWX,1,"14,68"
o_1759,SKU-B12,2,€137.58
o_1760,SKU-D56, 1 ,€307.77
o_1761,SKU-VWX,03,GBP 11.74
o_1761,SKU-JKL,01,  50.18  
o_1761,SKU-YZA,1,GBP 18.19
o_1762,SKU-MNO, 1 ,€67.52
o_1763,SKU-JKL,3,USD 47.30
o_1764,SKU-C34,2,USD 194.87
o_1765,SKU-VWX,1,GBP 11.87
o_1766,SKU-MNO, 1 ,EUR 94.32
o_1766,SKU-STU,01,EUR 9.35
o_1766,SKU-YZA, 2 ,EUR 21.26
o_1767,SKU-STU,02,USD 11.67
o_1768,SKU-JKL,1,$45.67
o_1769,SKU-GHI,3,€26.53
o_1770,SKU-ABC,02,  18.56  
o_1770,SKU-C34,2,$253.61
o_1771,SKU-PQR,3,USD 152.96
o_1771,SKU-YZA,1,"17,29"
o_1772,SKU-D56,2,$289.89
o_1773,SKU-DEF,01,USD 116.24
o_1774,SKU-DEF,01,CAD 115.03
o_1775,SKU-GHI, 2 ,$36.19
o_1776,SKU-VWX,03,€15.69
o_1777,SKU-GHI,02,$28.07
o_1777,SKU-STU,2,$12.58
o_1778,SKU-JKL,2,€41.39
o_1778,SKU-VWX,1,"13,77"
o_1778,SKU-PQR,1,EUR 133.18
o_1779,SKU-STU,01,"10,49"
o_1779,SKU-ABC,1,EUR 16.58
o_1779,SKU-D56,2,EUR 235.22
o_1780,SKU-PQR,2,$113.20
o_1781,SKU-STU,1,$9.75
o_1781,SKU-DEF,1,USD 125.40
o_1781,SKU-PQR,2,$108.71
o_1782,SKU-ABC,3,$14.57
o_1783,SKU-DEF, 2 ,EUR 121.56
o_1783,SKU-C34, 1 ,EUR 189.69
o_1783,SKU-PQR, 1 ,EUR 130.20
o_1784,SKU-GHI,01,$28.93
o_1784,SKU-ABC,01,  18.83  
o_1785,SKU-VWX,1,C$12.06
o_1786,SKU-GHI, 1 ,$34.75
o_1787,SKU-D56,2,$278.58
o_1787,SKU-VWX,1,USD 11.85
o_1787,SKU-C34,1,"256,57"
o_1788,SKU-ABC,2,$15.35
o_1789,SKU-ABC,1,€20.07
o_1789,SKU-MNO,2,EUR 74.39
o_1789,SKU-JKL,2,€45.32
o_1790,SKU-YZA,01,USD 20.33
o_1790,SKU-B12,1,USD 182.04
o_1791,SKU-STU, 1 ,USD 10.28
o_1791,SKU-DEF,01,USD 94.09
o_1791,SKU-MNO,01,USD 70.50
o_1792,SKU-MNO,01,USD 92.49
o_1793,SKU-ABC,1,£19.29
o_1794,SKU-STU,1,USD 10.57
o_1795,SKU-B12,1,$148.53
o_1796,SKU-DEF,1,  90.68  
o_1796,SKU-D56,2,"237,91"
o_1796,SKU-VWX,1,$11.93
o_1797,SKU-YZA,1,C$18.12
o_1797,SKU-ABC,1,CAD 17.79
o_1798,SKU-YZA,1,$19.75
o_1799,SKU-JKL,01,$50.23
o_1800,SKU-GHI,01,EUR 33.58
o_1801,SKU-STU,1,  11.30  
o_1802,SKU-B12,1,USD 141.13
o_1802,SKU-PQR,2,USD 123.25
o_1802,SKU-JKL,01,$50.81
o_1803,SKU-STU,1,£12.54
o_1804,SKU-C34,01,  241.42  
o_1804,SKU-D56,01,  253.93  
o_1805,SKU-YZA, 1 ,$18.84
o_1805,SKU-PQR,03,USD 115.70
o_1806,SKU-YZA, 3 ,$20.00
o_1806,SKU-D56,1,$229.59
o_1807,SKU-YZA,01,$17.54
o_1808,SKU-ABC, 2 ,"17,82"
o_1809,SKU-VWX,01,$14.88
o_1809,SKU-ABC,1,$19.60
o_1810,SKU-STU,1,$12.97
o_1810,SKU-PQR,1,$148.50
o_1811,SKU-D56,1,$253.07
o_1811,SKU-ABC, 1 ,$16.31
o_1811,SKU-PQR,2,$114.21
o_1812,SKU-PQR,1,$125.97
o_1812,SKU-JKL,2,USD 58.24
o_1812,SKU-DEF,02,$99.29
o_1813,SKU-B12,3,£186.12
o_1814,SKU-PQR,01,  144.01  
o_1814,SKU-GHI,01,€32.41
o_1814,SKU-ABC,01,€18.86
o_1815,SKU-YZA,01,USD 20.47
o_1816,SKU-C34,01,$202.71
o_1816,SKU-GHI,3,USD 27.83
o_1817,SKU-C34,1,£196.34
o_1818,SKU-D56,1,$285.30
o_1819,SKU-C34,01,CAD 189.80
o_1819,SKU-GHI, 1 ,  26.93  
o_1820,SKU-DEF,01,USD 117.17
o_1820,SKU-VWX,3,$11.71
o_1820,SKU-ABC, 1 ,$19.74
o_1821,SKU-JKL, 1 ,$47.07
o_1822,SKU-JKL,2,  48.67  
o_1823,SKU-PQR,1,EUR 109.13
o_1824,SKU-YZA,1,  22.43  
o_1824,SKU-STU,2,EUR 9.64
o_1825,SKU-VWX,01,$15.41
o_1826,SKU-ABC,01,$19.07
o_1827,SKU-C34,1,USD 218.27
o_1827,SKU-JKL,1,USD 49.82
o_1828,SKU-PQR,1,  152.58  
o_1828,SKU-ABC, 1 ,EUR 17.65
o_1829,SKU-PQR,1,$143.70
o_1830,SKU-DEF,01,€102.44
o_1830,SKU-PQR,1,€146.74
o_1830,SKU-STU,01,  9.46  
o_1831,SKU-D56,2,"293,55"
o_1832,SKU-STU,2,£9.11
o_1832,SKU-PQR,1,£121.26
o_1832,SKU-GHI,1,GBP 30.80
o_1833,SKU-D56,01,USD 301.51
o_1834,SKU-PQR,2,  115.50  
o_1835,SKU-MNO,1,$84.41
o_1836,SKU-D56,01,  253.53  
o_1837,SKU-DEF, 1 ,$91.34
o_1838,SKU-B12,1,$141.07
o_1838,SKU-GHI, 2 ,USD 33.01
o_1838,SKU-YZA,01,  21.89  
o_1839,SKU-PQR,1,USD 139.57
o_1839,SKU-DEF,01,  123.65  
o_1840,SKU-PQR,02,$119.85
o_1840,SKU-C34,1,  242.39  
o_1841,SKU-MNO,1,EUR 84.51
o_1842,SKU-B12,1,USD 142.91
o_1843,SKU-STU,01,USD 11.43
o_1844,SKU-D56,1,  291.82  
o_1845,SKU-PQR,01,$139.25
o_1846,SKU-ABC, 1 ,USD 14.33
o_1847,SKU-PQR,1,  134.66  
o_1847,SKU-B12,1,  184.23  
o_1848,SKU-MNO,01,$83.54
o_1849,SKU-ABC,1,$16.16
o_1850,SKU-C34,02,$245.05
o_1851,SKU-STU,1,CAD 10.52
o_1852,SKU-YZA,1,USD 22.97
o_1853,SKU-C34,1,USD 251.44
o_1854,SKU-ABC,1,$14.54
o_1854,SKU-GHI,01,$33.41
o_1855,SKU-B12,3,$154.47
o_1856,SKU-VWX,1,  13.75  
o_1857,SKU-GHI,01,"29,52"
o_1858,SKU-JKL,1,"51,52"
o_1859,SKU-C34,01,GBP 245.54
o_1859,SKU-PQR,1,£146.84
o_1860,SKU-STU, 1 ,"11,05"
o_1861,SKU-ABC,1,$14.61
o_1862,SKU-GHI,1,USD 33.20
o_1862,SKU-C34,03,$218.81
o_1863,SKU-PQR,01,GBP 130.49
o_1864,SKU-VWX,1,$11.36
o_1865,SKU-DEF,2,USD 116.43
o_1866,SKU-GHI,1,€29.57
o_1866,SKU-YZA,2,EUR 22.93
o_1867,SKU-STU,01,£12.70
o_1868,SKU-C34,01,$243.97
o_1869,SKU-JKL,1,"41,26"
o_1869,SKU-DEF,1,USD 107.75
o_1869,SKU-ABC,1,$15.20
o_1870,SKU-GHI,01,$37.66
o_1870,SKU-VWX,1,$12.10
o_1871,SKU-STU,01,USD 12.97
o_1872,SKU-DEF,1,USD 105.14
o_1872,SKU-MNO,01,USD 82.06
o_1872,SKU-C34,1,$185.46
o_1873,SKU-VWX,01,USD 14.99
o_1873,SKU-JKL,1,USD 55.07
o_1873,SKU-B12,01,$142.54
o_1874,SKU-D56,02,$225.27
o_1874,SKU-VWX,2,$13.95
o_1875,SKU-DEF,02,$91.99
o_1876,SKU-DEF, 1 ,USD 101.25
o_1876,SKU-VWX,02,  11.59  
o_1877,SKU-D56,1,  288.42  
o_1878,SKU-DEF,2,  126.08  
o_1879,SKU-PQR, 1 ,  114.15  
o_1879,SKU-C34,02,$207.16
o_1880,SKU-D56,1,  287.49  
o_1880,SKU-DEF,1,USD 127.60
o_1880,SKU-YZA,02,  18.95  
o_1881,SKU-MNO,02,€86.02
o_1882,SKU-GHI,1,CAD 26.63
o_1882,SKU-C34,1,CAD 228.81
o_1883,SKU-PQR,2,USD 128.47
o_1883,SKU-YZA,02,  20.76  
o_1884,SKU-DEF,1,"90,12"
o_1885,SKU-GHI,1,$26.22
o_1886,SKU-VWX,2,  11.29  
o_1886,SKU-ABC,2,$19.61
o_1887,SKU-YZA,3,CAD 21.95
o_1887,SKU-B12,01,CAD 166.64
o_1888,SKU-VWX,02,CAD 15.48
o_1889,SKU-GHI,03,  30.55  
o_1890,SKU-DEF,1,  96.53  
o_1890,SKU-D56,02,$315.39
o_1890,SKU-MNO,1,$71.61
o_1891,SKU-D56,01,  235.30  
o_1892,SKU-VWX,01,USD 15.39
o_1893,SKU-STU,1,  12.78  
o_1893,SKU-D56,01,USD 291.03
o_1893,SKU-B12,02,USD 163.12
o_1894,SKU-GHI, 1 ,EUR 29.77
o_1894,SKU-PQR,1,"139,29"
o_1894,SKU-DEF,03,€95.16
o_1895,SKU-VWX,1,GBP 14.22
o_1896,SKU-YZA,02,$16.20
o_1897,SKU-GHI,2,C$32.96
o_1897,SKU-YZA,02,C$22.75
o_1898,SKU-B12,3,  160.72  
o_1899,SKU-GHI,1,"35,46"
o_1900,SKU-YZA,3,GBP 18.32
o_1901,SKU-DEF,1,$95.38
o_1902,SKU-GHI,1,$35.33
o_1903,SKU-GHI, 1 ,USD 34.43
o_1904,SKU-PQR,03,EUR 121.74
o_1905,SKU-JKL,01,$43.43
o_1906,SKU-YZA,1,USD 21.90
o_1907,SKU-DEF,1,USD 113.19
o_1908,SKU-JKL,2,$58.17
o_1908,SKU-C34,2,$222.03
o_1909,SKU-MNO,1,$97.17
o_1910,SKU-C34,1,  235.22  
o_1911,SKU-B12,1,  151.59  
o_1912,SKU-DEF,1,C$97.67
o_1913,SKU-C34,1,$199.95
o_1913,SKU-GHI, 1 ,$28.15
o_1914,SKU-B12,02,£142.53
o_1914,SKU-GHI,1,£35.97
o_1914,SKU-C34,01,£224.12
o_1915,SKU-B12, 2 ,USD 193.24
o_1916,SKU-B12,1,C$141.27
o_1917,SKU-B12,01,$139.58
o_1918,SKU-ABC,1,"18,87"
o_1918,SKU-DEF,2,€125.00
o_1919,SKU-C34,1,$216.31
o_1919,SKU-B12,2,"171,36"
o_1920,SKU-C34,1,  256.59  
o_1920,SKU-JKL,01,USD 44.04
o_1920,SKU-B12,1,$155.68
o_1921,SKU-B12,1,EUR 164.82
o_1921,SKU-C34,1,EUR 235.55
o_1922,SKU-VWX,01,EUR 14.25
o_1923,SKU-YZA,3,$18.95
o_1924,SKU-C34, 2 ,USD 217.71
o_1925,SKU-VWX,1,$13.75
o_1925,SKU-JKL,2,USD 51.15
o_1926,SKU-C34,1,USD 240.36
o_1926,SKU-STU,2,USD 12.87
o_1927,SKU-VWX,01,USD 14.80
o_1928,SKU-D56,1,GBP 296.77
o_1928,SKU-ABC,01,  17.32  
o_1929,SKU-VWX,1,$14.26
o_1930,SKU-VWX,1,C$16.01
o_1930,SKU-D56,01,CAD 315.86
o_1931,SKU-PQR,01,$121.99
o_1931,SKU-B12,1,  190.09  
o_1932,SKU-PQR,01,  116.54  
o_1932,SKU-D56,1,  254.61  
o_1932,SKU-C34,01,  222.77  
o_1933,SKU-GHI,3,USD 35.20
o_1934,SKU-PQR,1,£147.43
o_1935,SKU-YZA,01,  21.20  
o_1935,SKU-DEF,01,  127.81  
o_1936,SKU-JKL,1,€47.51
o_1937,SKU-DEF,1,CAD 120.12
o_1938,SKU-VWX, 1 ,USD 13.15
o_1938,SKU-JKL,2,$44.26
o_1938,SKU-GHI,1,USD 36.00
o_1939,SKU-ABC,1,USD 19.37
o_1940,SKU-STU,01,  10.37  
o_1940,SKU-B12,1,GBP 177.19
o_1940,SKU-D56,3,£323.20
o_1941,SKU-GHI,1,USD 31.60
o_1942,SKU-B12,2,USD 162.60
o_1942,SKU-PQR, 1 ,  117.97  
o_1943,SKU-GHI,2,USD 26.68
o_1943,SKU-VWX,1,"14,12"
o_1943,SKU-YZA,1,$18.41
o_1944,SKU-VWX,01,USD 14.36
o_1945,SKU-MNO,1,$72.86
o_1945,SKU-VWX,01,  16.19  
o_1945,SKU-ABC,1,USD 19.29
o_1946,SKU-STU,3,€10.85
o_1946,SKU-YZA,1,EUR 19.75
o_1946,SKU-VWX,1,€15.80
o_1947,SKU-JKL,1,$43.13
o_1948,SKU-PQR,02,"139,72"
o_1948,SKU-ABC,2,  15.37  
o_1949,SKU-MNO,03,EUR 94.99
o_1950,SKU-B12,1,$139.90
o_1951,SKU-C34,03,  198.24  
o_1952,SKU-VWX,01,$13.31
o_1952,SKU-MNO,1,  97.04  
o_1952,SKU-YZA,1,$20.36
o_1953,SKU-DEF,3,$104.56
o_1954,SKU-GHI,2,$36.97
o_1954,SKU-MNO,1,$69.94
o_1955,SKU-PQR,1,"154,95"
o_1955,SKU-STU,1,€11.12
o_1956,SKU-ABC,1,£15.88
o_1956,SKU-STU,1,£11.72
o_1957,SKU-B12,03,  190.38  
o_1958,SKU-JKL,2,USD 52.36
o_1959,SKU-YZA,01,GBP 22.55
o_1959,SKU-MNO,1,£81.00
o_1960,SKU-STU,1,$12.27
o_1960,SKU-YZA,2,  17.02  
o_1960,SKU-VWX,1,  14.22  
o_1961,SKU-YZA,01,  21.60  
o_1962,SKU-B12,1,$151.43
o_1963,SKU-B12,1,USD 155.61
o_1964,SKU-GHI,1,$37.61
o_1964,SKU-DEF,1,USD 92.48
o_1965,SKU-PQR, 1 ,  145.86  
o_1966,SKU-YZA,01,$17.79
o_1966,SKU-PQR,1,"137,57"
o_1966,SKU-GHI,02,$30.23
o_1967,SKU-B12,01,$190.89
o_1967,SKU-YZA,1,$22.62
o_1967,SKU-STU,01,USD 11.70
o_1968,SKU-ABC,1,$14.61
o_1968,SKU-D56,2,  278.69  
o_1968,SKU-C34,1,$220.40
o_1969,SKU-D56,1,$314.91
o_1969,SKU-PQR,2,$127.16
o_1970,SKU-VWX, 1 ,EUR 12.07
o_1970,SKU-YZA,01,"21,73"
o_1971,SKU-GHI,1,€30.65
o_1971,SKU-B12,3,EUR 164.81
o_1971,SKU-YZA,3,€18.99
o_1972,SKU-PQR,1,  143.63  
o_1972,SKU-B12,1,  166.10  
o_1973,SKU-GHI,1,€36.25
o_1974,SKU-B12,2,USD 143.16
o_1974,SKU-MNO,01,$90.01
o_1974,SKU-D56,2,$280.68
o_1975,SKU-YZA,3,USD 21.43
o_1975,SKU-D56,02,"313,70"
o_1975,SKU-C34,1,USD 197.53
o_1976,SKU-D56,02,$241.33
o_1976,SKU-B12,1,USD 148.18
o_1977,SKU-VWX,1,$13.16
o_1977,SKU-ABC,02,USD 17.11
o_1978,SKU-PQR,03,C$116.29
o_1979,SKU-DEF,1,$120.68
o_1979,SKU-STU,1,$10.23
o_1980,SKU-MNO,02,£68.73
o_1980,SKU-C34,3,GBP 223.37
o_1980,SKU-ABC,1,GBP 16.38
o_1981,SKU-VWX,02,CAD 15.77
o_1982,SKU-C34,01,$189.59
o_1982,SKU-B12,1,USD 162.46
o_1982,SKU-D56,01,$279.44
o_1983,SKU-D56,1,$231.92
o_1984,SKU-B12,1,USD 140.16
o_1984,SKU-VWX, 1 ,$16.06
o_1985,SKU-YZA,1,$19.76
o_1986,SKU-D56,1,$284.09
o_1986,SKU-B12,1,  176.16  
o_1987,SKU-STU,3,EUR 10.54
o_1987,SKU-GHI,01,€35.16
o_1988,SKU-C34,1,USD 207.79
o_1988,SKU-JKL,01,$52.58
o_1988,SKU-ABC, 1 ,$17.34
o_1989,SKU-D56,01,GBP 294.59
o_1989,SKU-DEF, 1 ,"93,29"
o_1989,SKU-JKL,2,  44.75  
o_1990,SKU-VWX,1,EUR 15.56
o_1990,SKU-PQR,02,"123,00"
o_1990,SKU-STU,01,€10.51
o_1991,SKU-STU,02,  11.36  
o_1991,SKU-JKL,1,$57.05
o_1991,SKU-D56,3,USD 270.75
o_1992,SKU-B12,2,$189.92
o_1992,SKU-VWX, 1 ,USD 14.24
o_1992,SKU-ABC,01,$16.16
o_1993,SKU-GHI,01,EUR 33.81
o_1993,SKU-YZA,1,EUR 18.55
o_1994,SKU-YZA,1,$21.58
o_1995,SKU-C34,1,GBP 237.67
o_1995,SKU-VWX,1,£13.09
o_1996,SKU-STU,01,$12.97
o_1997,SKU-GHI,01,EUR 35.38
o_1997,SKU-VWX,1,€11.33
o_1998,SKU-PQR,1,  122.07  
o_1998,SKU-YZA,01,GBP 17.76
o_1999,SKU-C34,1,$244.11
o_2000,SKU-D56,1,$234.03
o_2001,SKU-C34, 1 ,€201.41
o_2002,SKU-D56,1,  270.51  
o_2002,SKU-MNO, 2 ,$91.39
o_2003,SKU-VWX, 1 ,  16.03  
o_2003,SKU-JKL,03,EUR 50.05
o_2004,SKU-MNO, 1 ,USD 92.35
o_2004,SKU-YZA,3,$20.61
o_2005,SKU-JKL,01,USD 46.69
o_2005,SKU-MNO,1,USD 96.36
o_2006,SKU-MNO,1,£69.42
o_2006,SKU-JKL,01,£46.74
o_2007,SKU-D56,03,$280.03
o_2007,SKU-VWX,2,  12.38  
o_2007,SKU-PQR,01,$155.39
o_2008,SKU-PQR,01,USD 155.42
o_2009,SKU-D56,01,  225.41  
o_2009,SKU-MNO,03,USD 69.52
o_2010,SKU-DEF,3,USD 122.03
o_2010,SKU-B12,1,  154.08  
o_2011,SKU-YZA,1,"19,44"
o_2011,SKU-STU,2,€10.51
o_2012,SKU-PQR,1,USD 123.01
o_2012,SKU-GHI,2,USD 36.94
o_2013,SKU-ABC,2,GBP 20.10
o_2013,SKU-MNO,01,GBP 69.45
o_2013,SKU-DEF, 1 ,£118.73
o_2014,SKU-VWX,01,USD 13.31
o_2014,SKU-C34,01,  195.83  
o_2015,SKU-D56,01,€280.34
o_2015,SKU-VWX,1,"11,65"
o_2016,SKU-JKL,2,$53.76
o_2017,SKU-YZA, 2 ,$21.40
o_2017,SKU-MNO,1,  81.15  
o_2018,SKU-D56,01,$245.88
o_2019,SKU-GHI,03,  34.49  
o_2019,SKU-DEF,2,$89.54
o_2020,SKU-D56,2,$274.13
o_2020,SKU-B12,1,"151,25"
o_2020,SKU-JKL,01,$48.04
o_2021,SKU-ABC,1,$16.59
o_2022,SKU-YZA,1,€18.98
o_2023,SKU-C34,01,USD 201.50
o_2023,SKU-JKL,2,  49.33  
o_2024,SKU-DEF,1,$90.00
o_2025,SKU-PQR,1,$139.32
o_2026,SKU-VWX,1,GBP 15.90
o_2027,SKU-C34,01,USD 201.42
o_2028,SKU-GHI,01,GBP 34.81
o_2029,SKU-YZA,1,USD 18.84
o_2029,SKU-GHI,2,$26.58
o_2030,SKU-C34,1,  218.29  
o_2031,SKU-VWX,2,USD 14.46
o_2031,SKU-C34,1,"209,52"
o_2032,SKU-MNO,01,  69.41  
o_2032,SKU-PQR,1,  116.89  
o_2032,SKU-D56,1,USD 271.53
o_2033,SKU-ABC,1,USD 19.99
o_2034,SKU-DEF,1,$124.70
o_2034,SKU-C34,2,$221.81
o_2035,SKU-JKL,1,$57.26
o_2036,SKU-D56,01,$276.17
o_2037,SKU-ABC,01,USD 14.08
o_2037,SKU-GHI,1,USD 28.31
o_2038,SKU-GHI,03,CAD 31.57
o_2038,SKU-ABC,1,CAD 19.15
o_2039,SKU-VWX,01,€13.04
o_2040,SKU-D56,01,C$237.54
o_2041,SKU-MNO,01,"95,53"
o_2041,SKU-ABC,01,  14.42  
o_2041,SKU-C34,2,$223.46
o_2042,SKU-B12,1,$155.35
o_2042,SKU-D56,3,  300.31  
o_2043,SKU-PQR,01,USD 133.49
o_2044,SKU-VWX,02,  12.70  
o_2045,SKU-YZA,2,€20.57
o_2045,SKU-D56,01,EUR 256.54
o_2046,SKU-GHI,3,EUR 35.62
o_2047,SKU-YZA,1,USD 22.78
o_2048,SKU-MNO,03,$69.94
o_2049,SKU-DEF,01,USD 123.08
o_2049,SKU-PQR,1,$125.44
o_2050,SKU-D56,1,CAD 266.30
o_2051,SKU-C34,3,USD 248.27
o_2051,SKU-MNO,2,  96.09  
o_2051,SKU-GHI, 3 ,$31.77
o_2052,SKU-D56,1,  273.42  
o_2053,SKU-MNO, 1 ,€81.18
o_2053,SKU-B12,01,EUR 137.12
o_2054,SKU-JKL,1,$45.69
o_2054,SKU-GHI,01,$26.83
o_2054,SKU-B12,01,$188.15
o_2055,SKU-C34,1,USD 217.06
o_2056,SKU-STU,3,  12.82  
o_2057,SKU-YZA, 1 ,€16.86
o_2057,SKU-PQR,1,  127.94  
o_2058,SKU-STU,1,  11.44  
o_2058,SKU-C34,1,USD 242.71
o_2059,SKU-GHI,01,$28.35
o_2060,SKU-VWX,02,  14.84  
o_2060,SKU-PQR,02,$140.49
o_2060,SKU-JKL,01,"49,11"
o_2061,SKU-MNO,01,£84.18
o_2062,SKU-JKL,01,C$43.71
o_2062,SKU-VWX, 3 ,C$12.94
o_2063,SKU-MNO,1,$83.57
o_2064,SKU-PQR, 1 ,£122.28
o_2064,SKU-MNO,01,£73.59
o_2065,SKU-D56,1,$250.98
o_2066,SKU-ABC,1,EUR 15.84
o_2066,SKU-MNO,1,€72.69
o_2066,SKU-PQR,2,  138.01  
o_2067,SKU-JKL,1,$55.00
o_2068,SKU-C34,01,EUR 221.84
o_2069,SKU-VWX, 1 ,$13.88
o_2070,SKU-GHI,01,$37.46
o_2071,SKU-C34, 2 ,USD 212.50
o_2071,SKU-YZA, 1 ,$17.20
o_2072,SKU-MNO,3,$74.40
o_2072,SKU-DEF,3,$125.84
o_2073,SKU-MNO,1,$83.94
o_2073,SKU-PQR,1,USD 154.78
o_2073,SKU-B12,1,$183.42
o_2074,SKU-JKL,1,  57.97  
o_2075,SKU-GHI, 1 ,USD 35.68
o_2075,SKU-VWX,01,USD 11.63
o_2076,SKU-VWX,1,"15,77"
o_2076,SKU-B12,1,$143.28
o_2077,SKU-STU,03,£11.07
o_2077,SKU-YZA,1,GBP 17.08
o_2078,SKU-YZA,02,USD 16.22
o_2079,SKU-JKL,1,USD 49.28
o_2080,SKU-JKL,1,"42,84"
o_2080,SKU-C34, 1 ,$199.91
o_2081,SKU-B12,2,£137.16
o_2082,SKU-YZA,1,£21.49
o_2082,SKU-VWX,1,GBP 14.99
o_2082,SKU-D56,1,GBP 302.79
o_2083,SKU-PQR,01,USD 147.38
o_2083,SKU-DEF,1,$114.85
o_2083,SKU-B12,1,$141.60
o_2084,SKU-ABC,1,$18.65
o_2085,SKU-YZA,1,€21.37
o_2085,SKU-JKL,1,€57.81
o_2086,SKU-YZA,02,$18.82
o_2087,SKU-GHI,1,$37.42
o_2088,SKU-YZA, 2 ,$17.16
o_2089,SKU-DEF, 1 ,USD 106.78
o_2090,SKU-JKL,1,  46.32  
o_2090,SKU-B12,1,USD 158.54
o_2090,SKU-VWX,1,USD 15.03
o_2091,SKU-YZA,01,€21.44
o_2092,SKU-ABC,3,$14.33
o_2092,SKU-VWX,1,USD 12.14
o_2093,SKU-YZA,3,  16.70  
o_2093,SKU-STU, 2 ,USD 10.39
o_2094,SKU-B12,03,€145.16
o_2095,SKU-YZA,02,€16.36
o_2096,SKU-C34,01,CAD 222.72
o_2097,SKU-D56,01,$226.13
o_2097,SKU-ABC,2,$15.50
o_2098,SKU-MNO,1,"92,08"
o_2099,SKU-ABC,1,$18.01
o_2099,SKU-JKL,2,$45.79
o_2099,SKU-B12, 1 ,"151,42"
o_2100,SKU-ABC,1,£15.39
o_2101,SKU-PQR,1,$113.51
o_2102,SKU-DEF,2,$96.65
o_2103,SKU-ABC,01,"15,97"
o_2104,SKU-VWX,3,USD 13.60
o_2104,SKU-ABC,1,  19.66  
o_2105,SKU-STU,1,€12.08
o_2106,SKU-GHI,1,$30.42
o_2107,SKU-C34,02,CAD 203.66
o_2107,SKU-D56,1,C$289.94
o_2107,SKU-STU,01,CAD 11.59
o_2108,SKU-STU,01,  11.82  
o_2109,SKU-STU,01,  11.35  
o_2109,SKU-D56, 1 ,  307.99  
o_2109,SKU-DEF,1,EUR 98.41
o_2110,SKU-C34,1,C$246.44
o_2110,SKU-YZA,1,CAD 23.24
o_2110,SKU-GHI,02,C$37.07
o_2111,SKU-PQR,2,£121.28
o_2111,SKU-DEF,02,£94.90
o_2112,SKU-YZA, 1 ,USD 17.73
o_2112,SKU-STU,1,$10.07
o_2113,SKU-GHI,01,USD 35.20
o_2113,SKU-JKL,01,$40.58
o_2113,SKU-ABC,01,$15.75
o_2114,SKU-ABC,1,GBP 16.72
o_2114,SKU-MNO,1,£81.21
o_2115,SKU-C34,01,USD 197.44
o_2115,SKU-YZA,3,$20.17
o_2116,SKU-YZA,01,$16.41
o_2116,SKU-STU,1,USD 10.97
o_2117,SKU-JKL, 1 ,USD 55.84
o_2117,SKU-VWX,1,$11.84
o_2117,SKU-PQR,01,USD 132.77
o_2118,SKU-MNO, 3 ,EUR 75.33
o_2118,SKU-JKL,1,€50.01
o_2119,SKU-DEF,1,USD 104.67
o_2119,SKU-ABC,1,$18.66
o_2119,SKU-STU,01,$11.67
o_2120,SKU-ABC,1,USD 16.38
o_2121,SKU-JKL,02,$53.78
o_2122,SKU-DEF, 1 ,$98.69
o_2123,SKU-ABC,1,USD 18.17
o_2124,SKU-B12,02,£158.73
o_2124,SKU-C34, 1 ,GBP 184.37
o_2124,SKU-ABC,3,GBP 14.57
o_2125,SKU-D56,01,EUR 258.43
o_2125,SKU-ABC,01,EUR 18.30
o_2126,SKU-VWX,1,$11.51
o_2127,SKU-YZA,01,€21.94
o_2128,SKU-ABC,2,USD 14.41
o_2128,SKU-GHI,1,$35.91
o_2128,SKU-YZA,01,"19,25"
o_2129,SKU-MNO,1,$72.81
o_2129,SKU-JKL,3,  52.16  
o_2130,SKU-B12,2,$165.16
o_2130,SKU-PQR,01,USD 133.08
o_2131,SKU-B12,1,  145.58  
o_2132,SKU-C34, 3 ,  247.97  
o_2132,SKU-PQR,2,$138.72
o_2132,SKU-JKL,1,$56.97
o_2133,SKU-GHI,1,"29,09"
o_2134,SKU-C34,1,  215.58  
o_2134,SKU-YZA,2,  17.67  
o_2135,SKU-STU,1,$10.60
o_2136,SKU-MNO,1,€89.46
o_2137,SKU-YZA,01,"22,98"
o_2138,SKU-D56,01,  227.65  
o_2138,SKU-GHI,01,USD 30.30
o_2139,SKU-C34,1,"218,90"
o_2140,SKU-YZA,3,EUR 21.81
o_2141,SKU-ABC, 2 ,$17.24
o_2141,SKU-PQR,03,  155.05  
o_2142,SKU-C34,1,USD 230.34
o_2143,SKU-YZA,1,€16.56
o_2144,SKU-D56,3,€266.72
o_2144,SKU-STU,1,  9.03  
o_2145,SKU-GHI,01,$30.73
o_2145,SKU-MNO,1,  71.79  
o_2145,SKU-STU,01,$10.91
o_2146,SKU-YZA,01,$18.77
o_2147,SKU-JKL, 2 ,USD 43.65
o_2147,SKU-D56,1,$293.87
o_2148,SKU-D56,1,USD 245.95
o_2148,SKU-GHI,1,$34.28
o_2149,SKU-ABC,3,USD 15.33
o_2149,SKU-YZA, 1 ,  21.82  
o_2149,SKU-STU,01,"9,03"
o_2150,SKU-YZA,03,"21,49"
o_2151,SKU-STU,2,$10.02
o_2151,SKU-JKL,3,  52.65  
o_2151,SKU-MNO,1,$93.77
o_2152,SKU-PQR,1,C$151.92
o_2153,SKU-VWX,3,  14.16  
o_2154,SKU-DEF, 2 ,$103.93
o_2154,SKU-YZA, 1 ,$21.59
o_2155,SKU-ABC,2,€16.59
o_2155,SKU-MNO,2,EUR 95.22
o_2155,SKU-STU,1,EUR 9.81
o_2156,SKU-B12,2,$170.79
o_2156,SKU-D56,2,  296.22  
o_2157,SKU-DEF, 1 ,USD 97.87
o_2157,SKU-JKL,01,  53.70  
o_2157,SKU-B12,1,$134.97
o_2158,SKU-C34,1,$230.67
o_2158,SKU-YZA,1,USD 18.44
o_2159,SKU-VWX,1,$12.79
o_2159,SKU-JKL,03,$51.39
o_2159,SKU-PQR,1,$128.48
o_2160,SKU-ABC,2,$16.65
o_2160,SKU-JKL,1,"41,46"
o_2160,SKU-C34,1,USD 252.92
o_2161,SKU-DEF,3,  116.01  
o_2162,SKU-JKL,1,USD 45.43
o_2162,SKU-B12,1,$177.03
o_2163,SKU-JKL,01,USD 45.44
o_2164,SKU-JKL,1,EUR 40.93
o_2164,SKU-YZA,03,  21.53  
o_2165,SKU-MNO,1,$72.80
o_2165,SKU-STU,1,$11.58
o_2165,SKU-VWX,02,$13.71
o_2166,SKU-C34,2,EUR 255.94
o_2166,SKU-PQR,01,EUR 109.19
o_2167,SKU-MNO,1,$89.44
o_2168,SKU-YZA,3,USD 22.69
o_2169,SKU-VWX,2,$13.38
o_2169,SKU-DEF,1,  121.33  
o_2169,SKU-D56,3,  270.14  
o_2170,SKU-PQR,02,USD 122.62
o_2170,SKU-JKL,2,USD 54.81
o_2171,SKU-PQR,1,$113.27
o_2172,SKU-ABC,1,  14.59  
o_2173,SKU-D56,01,CAD 299.12
o_2174,SKU-ABC,1,USD 17.50
o_2175,SKU-YZA,1,$18.67
o_2176,SKU-B12,1,$135.14
o_2176,SKU-STU,01,$9.17
o_2177,SKU-GHI,1,$33.94
o_2177,SKU-JKL,1,  45.82  
o_2178,SKU-JKL,1,USD 48.08
o_2178,SKU-STU,3,$9.86
o_2178,SKU-B12,1,$188.67
o_2179,SKU-VWX,1,€16.22
o_2180,SKU-C34, 1 ,$179.92
o_2180,SKU-D56,1,$313.43
o_2181,SKU-MNO,01,£72.43
o_2182,SKU-VWX,01,"15,42"
o_2183,SKU-C34,1,$217.53
o_2184,SKU-VWX,01,  11.64  
o_2185,SKU-GHI,2,  35.38  
o_2185,SKU-PQR,1,USD 127.78
o_2186,SKU-GHI,2,$36.02
o_2186,SKU-YZA,3,$21.54
o_2186,SKU-VWX,2,USD 15.91
o_2187,SKU-YZA,1,  16.21  
o_2187,SKU-C34,1,USD 214.12
o_2188,SKU-YZA, 1 ,$23.00
o_2188,SKU-ABC,1,$18.11
o_2188,SKU-DEF,1,USD 96.08
o_2189,SKU-ABC,01,$14.91
o_2189,SKU-STU,1,"11,61"
o_2190,SKU-C34,3,$234.58
o_2191,SKU-DEF,2,  127.48  
o_2191,SKU-GHI,3,USD 28.03
o_2192,SKU-JKL,3,USD 44.15
o_2193,SKU-VWX,1,$12.84
o_2194,SKU-ABC,1,£18.31
o_2194,SKU-B12,01,£175.43
o_2195,SKU-C34, 1 ,GBP 232.22
o_2196,SKU-VWX, 1 ,USD 13.81
o_2197,SKU-VWX,2,  15.47  
o_2198,SKU-ABC, 1 ,USD 19.51
o_2199,SKU-YZA,1,"19,35"
o_2200,SKU-ABC,1,$15.57
o_2200,SKU-D56,2,USD 302.87
o_2200,SKU-YZA, 1 ,$22.34
o_2201,SKU-MNO,1,USD 70.50
o_2202,SKU-MNO,1,EUR 74.04
o_2203,SKU-YZA,01,€17.49
o_2204,SKU-C34,01,USD 214.72
o_2205,SKU-GHI,01,€36.47
o_2206,SKU-DEF,01,$118.17
o_2207,SKU-GHI,3,$29.23
o_2208,SKU-JKL,01,CAD 43.50
o_2209,SKU-YZA,1,USD 16.78
o_2210,SKU-PQR,2,£133.34
o_2211,SKU-STU,1,$12.68
o_2211,SKU-DEF,1,  100.58  
o_2211,SKU-PQR,01,USD 116.36
o_2212,SKU-VWX,01,C$15.97
o_2213,SKU-JKL,1,CAD 41.44
o_2214,SKU-JKL, 3 ,$41.02
o_2214,SKU-MNO,1,$85.67
o_2215,SKU-DEF, 1 ,USD 112.12
o_2216,SKU-DEF,01,"114,14"
o_2217,SKU-STU, 1 ,CAD 9.18
o_2217,SKU-D56,02,C$322.83
o_2218,SKU-VWX,1,C$13.98
o_2218,SKU-ABC,3,C$19.47
o_2218,SKU-C34,1,C$233.42
o_2219,SKU-DEF,1,USD 101.17
o_2219,SKU-VWX,1,"14,40"
o_2220,SKU-C34,01,USD 211.27
o_2221,SKU-B12,1,  184.76  
o_2222,SKU-YZA,2,USD 17.75
o_2222,SKU-ABC, 1 ,USD 17.18
o_2223,SKU-JKL,01,$58.44
o_2223,SKU-B12,01,"184,81"
o_2223,SKU-VWX, 1 ,$13.15
o_2224,SKU-ABC, 3 ,EUR 15.83
o_2224,SKU-DEF,1,  114.91  
o_2225,SKU-MNO,1,USD 72.19
o_2225,SKU-YZA,1,  21.31  
o_2226,SKU-C34,1,CAD 233.58
o_2226,SKU-ABC,1,CAD 18.11
o_2227,SKU-PQR,1,USD 142.17
o_2227,SKU-ABC,1,$18.09
o_2228,SKU-B12,02,$167.41
o_2229,SKU-D56, 1 ,USD 256.69
o_2229,SKU-STU,02,USD 12.23
o_2230,SKU-MNO, 1 ,$77.17
o_2231,SKU-B12,1,$183.32
o_2231,SKU-JKL,01,USD 52.10
o_2232,SKU-STU,3,  12.95  
o_2232,SKU-C34,01,USD 251.72
o_2233,SKU-PQR,2,€130.67
o_2234,SKU-D56,01,CAD 240.08
o_2235,SKU-D56,01,$289.25
o_2235,SKU-DEF,1,USD 103.77
o_2236,SKU-D56,3,  279.13  
o_2236,SKU-PQR,1,USD 136.34
o_2236,SKU-ABC,1,$17.13
o_2237,SKU-STU,2,£12.03
o_2237,SKU-JKL,2,£40.61
o_2238,SKU-PQR, 1 ,$152.22
o_2239,SKU-B12,3,€141.32
o_2239,SKU-D56,1,EUR 319.79
o_2239,SKU-STU,2,€10.51
o_2240,SKU-ABC,1,$19.83
o_2240,SKU-C34,01,$253.76
o_2241,SKU-VWX,1,€14.70
o_2241,SKU-D56, 1 ,€268.91
o_2241,SKU-JKL,2,  50.29  
o_2242,SKU-YZA,1,  21.53  
o_2243,SKU-STU,01,  9.14  
o_2244,SKU-C34, 1 ,"242,97"
o_2245,SKU-C34,1,  244.85  
o_2246,SKU-DEF,1,CAD 123.05
o_2247,SKU-B12, 2 ,£175.52
o_2247,SKU-MNO,01,GBP 76.04
o_2247,SKU-JKL,1,  51.96  
o_2248,SKU-DEF,01,USD 95.47
o_2248,SKU-MNO,1,USD 94.77
o_2248,SKU-GHI,1,$34.80
o_2249,SKU-D56,02,CAD 270.57
o_2249,SKU-C34,1,CAD 248.08
o_2250,SKU-D56,01,GBP 280.10
o_2251,SKU-PQR,2,GBP 135.11
o_2251,SKU-D56,2,£241.73
o_2252,SKU-DEF,1,USD 91.69
o_2252,SKU-ABC,01,$19.46
o_2253,SKU-VWX,03,"12,43"
o_2254,SKU-MNO,01,$68.23
o_2255,SKU-GHI,01,$28.47
o_2256,SKU-GHI,1,$28.31
o_2257,SKU-VWX,1,USD 14.16
o_2258,SKU-YZA,1,€21.98
o_2259,SKU-STU,1,"11,83"
o_2260,SKU-ABC,1,$14.43
o_2261,SKU-PQR,01,USD 117.51
o_2261,SKU-YZA,3,  23.22  
o_2262,SKU-B12,1,"138,76"
o_2263,SKU-STU,2,$12.93
o_2263,SKU-ABC,1,USD 19.63
o_2264,SKU-STU,01,$12.33
o_2265,SKU-DEF,2,GBP 100.62
o_2266,SKU-B12,1,EUR 145.77
o_2266,SKU-YZA, 1 ,EUR 22.72
o_2266,SKU-GHI,1,€30.95
o_2267,SKU-STU,02,USD 10.89
o_2267,SKU-GHI,01,$32.96
o_2268,SKU-MNO,01,$87.60
o_2269,SKU-MNO,1,EUR 81.55
o_2269,SKU-VWX, 2 ,€12.75
o_2270,SKU-DEF,1,$108.93
o_2270,SKU-GHI,1,USD 30.59
o_2271,SKU-MNO,03,$82.30
o_2272,SKU-MNO,1,€71.80
o_2273,SKU-DEF,3,GBP 108.92
o_2273,SKU-PQR,1,  125.04  
o_2274,SKU-JKL,01,$48.26
o_2275,SKU-C34,2,"179,48"
o_2276,SKU-B12,03,$134.74
o_2277,SKU-VWX,02,  12.95  
o_2277,SKU-DEF,2,  106.12  
o_2278,SKU-MNO,1,$91.60
o_2278,SKU-ABC, 1 ,USD 20.03
o_2278,SKU-STU, 2 ,$12.90
o_2279,SKU-B12,1,"137,76"
o_2279,SKU-STU,02,CAD 9.95
o_2280,SKU-VWX,02,C$15.21
o_2280,SKU-PQR,1,CAD 138.54
o_2281,SKU-C34,01,€210.72
o_2281,SKU-B12,02,€169.74
o_2281,SKU-GHI,1,€31.20
o_2282,SKU-PQR, 1 ,CAD 114.02
o_2283,SKU-D56,1,  321.82  
o_2284,SKU-VWX,2,USD 11.97
o_2285,SKU-GHI, 1 ,$30.17
o_2285,SKU-STU,01,$10.83
o_2286,SKU-MNO,03,€90.25
o_2286,SKU-C34,2,EUR 185.59
o_2287,SKU-B12,1,GBP 172.70
o_2287,SKU-JKL, 1 ,GBP 50.15
o_2288,SKU-STU,3,$9.02
o_2288,SKU-MNO,01,  83.92  
o_2289,SKU-PQR,2,EUR 118.04
o_2289,SKU-DEF,1,€94.09
o_2289,SKU-B12,1,  187.30  
o_2290,SKU-B12,1,USD 172.41
o_2290,SKU-YZA,1,USD 22.11
o_2290,SKU-GHI,3,USD 28.95
o_2291,SKU-YZA,1,USD 23.15
o_2292,SKU-D56, 1 ,$233.41
o_2293,SKU-D56,01,USD 307.76
o_2293,SKU-JKL,01,  45.85  
o_2294,SKU-MNO,2,$94.29
o_2295,SKU-DEF,2,EUR 124.73
o_2296,SKU-C34,01,$230.05
o_2297,SKU-GHI,01,$36.27
o_2297,SKU-C34,01,$217.14
o_2298,SKU-JKL,2,£45.13
o_2298,SKU-MNO,1,GBP 68.58
o_2298,SKU-GHI,01,GBP 33.82
o_2299,SKU-STU,02,  11.56  
o_2300,SKU-DEF,1,  125.51  
o_2301,SKU-B12,1,€173.27
o_2302,SKU-B12,2,$146.56
o_2303,SKU-YZA, 1 ,EUR 21.59
o_2304,SKU-D56,1,USD 225.20
o_2305,SKU-YZA,1,$17.80
o_2305,SKU-ABC,1,$17.84
o_2306,SKU-D56,2,$271.91
o_2307,SKU-B12,03,€178.86
o_2307,SKU-C34, 1 ,€208.86
o_2308,SKU-DEF,1,USD 102.20
o_2309,SKU-C34,1,C$191.63
o_2309,SKU-D56,1,  226.45  
o_2310,SKU-GHI,1,€33.11
o_2311,SKU-B12,3,£159.25
o_2311,SKU-ABC,3,£14.71
o_2312,SKU-PQR,1,C$154.13
o_2313,SKU-DEF,1,"127,83"
o_2313,SKU-ABC,1,€14.52
o_2314,SKU-MNO,02,"67,78"
o_2315,SKU-YZA,1,$23.37
o_2315,SKU-D56,01,$293.71
o_2316,SKU-VWX,1,€14.96
o_2316,SKU-PQR,01,  137.09  
o_2316,SKU-STU,01,  12.75  
o_2317,SKU-C34,1,"238,84"
o_2318,SKU-D56,1,£253.68
o_2319,SKU-GHI,1,USD 34.27
o_2319,SKU-PQR,01,USD 116.35
o_2320,SKU-VWX,01,USD 13.06
o_2321,SKU-MNO, 1 ,$80.14
o_2321,SKU-STU,1,  12.43  
o_2321,SKU-DEF,1,"93,34"
o_2322,SKU-D56,1,EUR 299.66
o_2322,SKU-GHI,1,€29.69
o_2322,SKU-PQR,1,€148.83
o_2323,SKU-PQR,01,  126.63  
o_2323,SKU-VWX,2,£12.46
o_2323,SKU-JKL,01,£55.65
o_2324,SKU-VWX,1,GBP 12.03
o_2325,SKU-VWX,01,$12.55
o_2326,SKU-VWX,01,USD 15.19
o_2327,SKU-D56,1,$258.96
o_2328,SKU-PQR,02,USD 127.52
o_2329,SKU-MNO,2,$71.81
o_2330,SKU-D56,2,GBP 228.89
o_2330,SKU-DEF,2,£125.10
o_2330,SKU-ABC,1,GBP 17.21
o_2331,SKU-C34,01,$189.16
o_2331,SKU-DEF,1,$99.83
o_2332,SKU-GHI, 2 ,$31.51
o_2332,SKU-JKL,01,$55.74
o_2333,SKU-GHI,2,  28.42  
o_2334,SKU-PQR,1,€114.53
o_2335,SKU-VWX,1,  11.37  
o_2336,SKU-STU,03,£10.41
o_2336,SKU-C34,01,GBP 208.84
o_2337,SKU-GHI,1,USD 28.11
o_2338,SKU-C34,01,$231.36
o_2339,SKU-STU,01,USD 12.29
o_2340,SKU-D56,3,CAD 302.45
o_2340,SKU-B12,01,C$141.99
o_2341,SKU-VWX,01,USD 14.12
o_2342,SKU-STU, 1 ,GBP 9.78
o_2343,SKU-ABC,1,  14.67  
o_2344,SKU-JKL,1,  56.53  
o_2344,SKU-D56,1,  276.05  
o_2345,SKU-D56,2,$224.16
o_2346,SKU-B12,1,"180,77"
o_2346,SKU-DEF,01,GBP 112.51
o_2346,SKU-YZA,02,GBP 23.26
o_2347,SKU-PQR, 1 ,€148.92
o_2348,SKU-JKL,1,  42.72  
o_2349,SKU-DEF,1,  91.98  
o_2350,SKU-C34,1,USD 237.09
o_2350,SKU-VWX, 1 ,$15.48
o_2350,SKU-YZA,01,$22.72
o_2351,SKU-PQR,2,  151.70  
o_2352,SKU-STU, 1 ,C$10.91
o_2353,SKU-STU,1,  9.98  
o_2353,SKU-B12,3,€167.94
o_2354,SKU-PQR, 1 ,  116.26  
o_2355,SKU-VWX,02,$14.78
o_2355,SKU-B12,1,  151.70  
o_2356,SKU-C34,1,USD 188.71
o_2357,SKU-B12,1,£178.81
o_2357,SKU-D56,01,GBP 322.49
o_2357,SKU-DEF,3,GBP 116.86
o_2358,SKU-PQR,2,USD 143.60
o_2358,SKU-DEF,1,  128.63  
o_2359,SKU-MNO,1,$68.63
o_2360,SKU-GHI,1,  37.02  
o_2360,SKU-PQR,02,€151.53
o_2361,SKU-GHI,01,€36.65
o_2361,SKU-YZA, 3 ,€20.81
o_2361,SKU-STU,3,€9.59
o_2362,SKU-B12,03,USD 178.06
o_2363,SKU-B12,1,$137.61
o_2364,SKU-STU,01,  9.25  
o_2365,SKU-VWX,1,$13.91
o_2366,SKU-YZA,1,USD 21.19
o_2367,SKU-C34,01,  249.20  
o_2368,SKU-YZA,01,$17.76
o_2369,SKU-VWX,3,$14.02
o_2369,SKU-MNO,2,$70.09
o_2370,SKU-GHI,1,$28.24
o_2371,SKU-VWX,01,EUR 16.03
o_2371,SKU-B12,1,€166.02
o_2371,SKU-ABC, 1 ,€19.26
o_2372,SKU-ABC,1,USD 15.64
o_2372,SKU-VWX,2,USD 15.65
o_2372,SKU-GHI,1,USD 32.72
o_2373,SKU-STU, 1 ,"12,46"
o_2373,SKU-YZA,01,$21.12
o_2374,SKU-C34,1,$234.47
o_2375,SKU-STU,01,  9.02  
o_2375,SKU-C34, 2 ,USD 211.95
o_2376,SKU-STU,01,"9,65"
o_2377,SKU-VWX,01,USD 15.90
o_2377,SKU-GHI,1,$35.11
o_2377,SKU-DEF,01,USD 101.68
o_2378,SKU-ABC,1,CAD 16.39
o_2379,SKU-JKL,1,USD 42.78
o_2380,SKU-ABC,1,EUR 15.04
o_2380,SKU-MNO,03,€71.73
o_2381,SKU-YZA,03,  21.59  
o_2382,SKU-GHI,01,"30,74"
o_2383,SKU-VWX,02,USD 13.76
o_2384,SKU-D56,1,C$233.04
o_2384,SKU-VWX,01,CAD 12.98
o_2385,SKU-YZA,01,USD 22.03
o_2385,SKU-DEF, 3 ,USD 90.99
o_2386,SKU-DEF,1,  120.63  
o_2387,SKU-YZA,1,USD 22.33
o_2387,SKU-PQR, 1 ,USD 127.37
o_2388,SKU-ABC,1,€16.36
o_2388,SKU-VWX,01,€12.70
o_2388,SKU-YZA,2,EUR 23.37
o_2389,SKU-STU,03,"12,91"
o_2389,SKU-DEF,03,€111.38
o_2390,SKU-C34,1,$250.08
o_2391,SKU-JKL,1,EUR 55.14
o_2391,SKU-MNO,01,EUR 88.76
o_2391,SKU-ABC,1,EUR 17.57
o_2392,SKU-MNO,1,£77.28
o_2393,SKU-DEF,02,USD 117.47
o_2393,SKU-VWX, 1 ,USD 11.87
o_2393,SKU-D56,1,$232.65
o_2394,SKU-JKL,1,$41.89
o_2395,SKU-D56,1,  243.12  
o_2395,SKU-B12,1,£136.83
o_2396,SKU-PQR,1,C$150.38
o_2397,SKU-GHI,02,$31.70
o_2397,SKU-B12,2,"168,04"
o_2398,SKU-JKL,02,  47.98  
o_2399,SKU-ABC,03,$18.18
o_2399,SKU-B12,02,USD 140.13
o_2400,SKU-YZA,01,$20.30
o_2400,SKU-MNO,1,$68.00
o_2401,SKU-YZA, 1 ,  16.87  
o_2402,SKU-PQR,01,"137,36"
o_2403,SKU-MNO,2,"90,94"
o_2403,SKU-D56,1,$285.74
o_2404,SKU-MNO,1,  93.78  
o_2405,SKU-C34,3,USD 182.88
o_2406,SKU-GHI, 3 ,USD 33.77
o_2406,SKU-STU,2,USD 11.72
o_2407,SKU-MNO, 1 ,USD 71.50
o_2407,SKU-C34,01,USD 179.67
o_2408,SKU-D56,01,£316.17
o_2408,SKU-GHI, 1 ,£26.47
o_2409,SKU-GHI,3,£34.90
o_2410,SKU-JKL,1,$57.05
o_2411,SKU-C34,01,$229.19
o_2411,SKU-STU,01,"11,15"
o_2412,SKU-GHI, 1 ,  35.27  
o_2412,SKU-B12,02,$182.38
o_2413,SKU-MNO, 3 ,USD 91.11
o_2414,SKU-STU,01,  9.88  
o_2415,SKU-VWX,2,USD 12.32
o_2415,SKU-DEF,2,USD 119.79
o_2416,SKU-DEF,1,$109.29
o_2417,SKU-YZA,1,USD 16.61
o_2417,SKU-MNO,01,$88.56
o_2417,SKU-PQR,1,  153.20  
o_2418,SKU-VWX,1,EUR 14.99
o_2418,SKU-PQR,1,€139.53
o_2418,SKU-B12,1,€184.10
o_2419,SKU-D56,02,$272.04
o_2420,SKU-D56,1,"308,62"
o_2420,SKU-VWX,01,$11.62
o_2421,SKU-C34,3,$183.04
o_2421,SKU-PQR,1,USD 124.55
o_2422,SKU-YZA,1,"23,34"
o_2423,SKU-JKL,2,GBP 50.11
o_2424,SKU-JKL,1,USD 49.66
o_2424,SKU-VWX, 1 ,$14.43
o_2424,SKU-MNO,1,  94.46  
o_2425,SKU-MNO,3,  86.39  
o_2425,SKU-PQR,1,$155.83
o_2426,SKU-B12,02,$142.54
o_2426,SKU-GHI,2,  35.71  
o_2426,SKU-D56,01,$256.07
o_2427,SKU-PQR, 1 ,C$110.80
o_2428,SKU-ABC,02,USD 18.62
o_2429,SKU-DEF,01,$95.29
o_2429,SKU-C34,1,USD 234.51
o_2430,SKU-ABC,1,USD 19.05
o_2430,SKU-DEF,01,USD 122.79
o_2431,SKU-VWX, 1 ,€13.23
o_2432,SKU-ABC,2,  17.29  
o_2433,SKU-JKL,1,$42.99
o_2434,SKU-C34,3,USD 253.82
o_2434,SKU-MNO,1,$76.04
o_2435,SKU-MNO,2,GBP 83.01
o_2436,SKU-C34,1,EUR 216.53
o_2436,SKU-PQR,1,€110.66
o_2437,SKU-DEF,1,$100.22
o_2437,SKU-PQR,01,$117.72
o_2438,SKU-C34,2,USD 218.55
o_2438,SKU-GHI,3,  30.62  
o_2439,SKU-STU, 1 ,CAD 9.35
o_2439,SKU-C34,1,C$257.28
o_2440,SKU-D56,1,€237.21
o_2441,SKU-STU,03,USD 9.63
o_2442,SKU-DEF,1,£113.81
o_2443,SKU-ABC,2,$15.92
o_2443,SKU-JKL,2,$45.52
o_2444,SKU-DEF,01,"124,80"
o_2444,SKU-GHI,1,C$36.71
o_2445,SKU-JKL,1,$42.24
o_2445,SKU-YZA,1,USD 18.95
o_2445,SKU-VWX,1,$12.81
o_2446,SKU-ABC, 1 ,USD 16.85
o_2446,SKU-PQR,1,USD 150.65
o_2446,SKU-DEF,01,USD 101.82
o_2447,SKU-D56,1,£264.49
o_2448,SKU-VWX,1,$12.84
o_2449,SKU-JKL,01,USD 50.10
o_2449,SKU-STU,3,$11.46
o_2449,SKU-DEF,01,$120.35
o_2450,SKU-DEF,3,USD 120.55
o_2450,SKU-PQR,1,USD 115.43
o_2451,SKU-MNO,2,$88.51
o_2452,SKU-STU,1,USD 9.41
o_2452,SKU-GHI,01,$28.28
o_2453,SKU-DEF,3,$121.65
o_2453,SKU-YZA,2,USD 20.54
o_2454,SKU-ABC,1,CAD 14.74
o_2454,SKU-B12,1,  160.08  
o_2454,SKU-GHI,2,  27.18  
o_2455,SKU-PQR,1,USD 145.19
o_2455,SKU-JKL,1,$47.03
o_2456,SKU-D56,1,$254.88
o_2456,SKU-GHI,01,USD 32.89
o_2457,SKU-B12,03,$147.65
o_2458,SKU-VWX,02,EUR 14.47
o_2459,SKU-DEF,3,USD 113.62
o_2459,SKU-D56,2,$244.52
o_2460,SKU-DEF,01,$127.91
o_2460,SKU-B12,1,$142.30
o_2461,SKU-PQR,2,$148.69
o_2461,SKU-STU, 1 ,USD 11.00
o_2462,SKU-GHI,01,€26.33
o_2462,SKU-JKL,2,  47.35  
o_2463,SKU-C34,1,GBP 194.30
o_2463,SKU-DEF,1,GBP 95.24
o_2464,SKU-YZA,1,€19.60
o_2464,SKU-B12,1,EUR 172.25
o_2465,SKU-D56,1,USD 315.83
o_2466,SKU-D56,03,  263.01  
o_2467,SKU-C34,01,  251.64  
o_2467,SKU-MNO,01,  78.75  
o_2468,SKU-YZA,1,$17.48
o_2468,SKU-B12,01,$186.50
o_2468,SKU-D56,1,$251.41
o_2469,SKU-D56,1,  227.38  
o_2469,SKU-STU,1,CAD 10.17
o_2470,SKU-C34,01,USD 198.42
o_2471,SKU-JKL,1,  57.96  
o_2471,SKU-VWX,1,£12.29
o_2472,SKU-DEF,1,$95.65
o_2472,SKU-JKL,1,USD 47.34
o_2472,SKU-VWX,02,USD 11.49
o_2473,SKU-B12, 1 ,£149.16
o_2474,SKU-YZA,2,  19.58  
o_2475,SKU-PQR,3,€139.35
o_2475,SKU-D56,01,  237.64  
o_2475,SKU-GHI,1,EUR 26.64
o_2476,SKU-B12,1,USD 183.47
o_2476,SKU-STU,03,USD 12.76
o_2477,SKU-YZA,1,  19.24  
o_2478,SKU-VWX,1,  13.16  
o_2478,SKU-DEF,1,  122.75  
o_2478,SKU-ABC,2,$16.45
o_2479,SKU-ABC, 3 ,  16.01  
o_2480,SKU-JKL,1,USD 44.18
o_2481,SKU-ABC,2,"19,26"
o_2481,SKU-STU,1,£11.59
o_2482,SKU-MNO,3,$89.21
o_2483,SKU-STU,1,€12.33
o_2484,SKU-D56,3,$300.00
o_2485,SKU-DEF,1,$122.50
o_2486,SKU-YZA,2,"17,22"
o_2487,SKU-B12, 1 ,USD 168.11
o_2488,SKU-MNO,01,$85.77
o_2488,SKU-DEF,01,$90.00
o_2488,SKU-D56,01,USD 316.80
o_2489,SKU-YZA,3,$16.47
o_2490,SKU-GHI,1,£35.87
o_2490,SKU-YZA,01,  22.49  
o_2491,SKU-STU,01,$11.39
o_2492,SKU-MNO,02,$84.21
o_2493,SKU-STU,01,USD 12.16
o_2493,SKU-JKL,1,USD 51.82
o_2494,SKU-JKL, 1 ,  49.41  
o_2494,SKU-DEF,1,$99.78
o_2495,SKU-DEF,01,$113.65
o_2496,SKU-B12,1,C$149.33
o_2497,SKU-ABC,01,USD 14.38
o_2497,SKU-MNO,1,$72.57
o_2498,SKU-D56,01,USD 301.48
o_2499,SKU-D56,1,  310.21  
o_2499,SKU-GHI,01,CAD 30.04
o_2500,SKU-ABC,1,$18.65
o_2501,SKU-GHI,2,"28,16"
o_2501,SKU-ABC, 1 ,EUR 18.24
o_2501,SKU-D56,01,EUR 262.02
o_2502,SKU-PQR,2,$151.61
o_2502,SKU-YZA,1,USD 21.94
o_2502,SKU-C34,01,USD 232.50
o_2503,SKU-MNO,01,USD 95.73
o_2503,SKU-GHI,1,$34.91
o_2504,SKU-GHI, 3 ,$28.55
o_2504,SKU-MNO,1,$77.59
o_2505,SKU-DEF,01,£90.16
o_2505,SKU-ABC, 1 ,GBP 16.81
o_2506,SKU-STU, 2 ,USD 11.14
o_2507,SKU-YZA,3,$22.27
o_2508,SKU-MNO,01,"79,69"
o_2508,SKU-B12,1,$138.47
o_2509,SKU-DEF,2,USD 122.86
o_2510,SKU-VWX,03,USD 11.70
o_2510,SKU-YZA,01,$17.47
o_2510,SKU-PQR,01,USD 130.12
o_2511,SKU-VWX,1,$11.93
o_2512,SKU-GHI,1,USD 31.41
o_2513,SKU-GHI,1,USD 29.14
o_2513,SKU-MNO,1,$93.07
o_2514,SKU-DEF,1,$120.99
o_2515,SKU-C34,02,$241.61
o_2516,SKU-DEF,02,  97.65  
o_2517,SKU-D56,1,  300.95  
o_2518,SKU-ABC,01,USD 19.47
o_2518,SKU-D56,01,USD 291.15
o_2519,SKU-JKL,1,USD 42.77
o_2520,SKU-VWX,1,USD 15.30
o_2521,SKU-STU,1,$9.65
o_2521,SKU-GHI,02,$34.43
o_2521,SKU-C34, 1 ,  189.30  
o_2522,SKU-YZA,01,USD 20.67
o_2522,SKU-C34,01,USD 186.18
o_2523,SKU-JKL,1,$50.25
o_2524,SKU-JKL,1,  53.57  
o_2524,SKU-STU,1,USD 10.42
o_2524,SKU-PQR,1,$122.10
o_2525,SKU-DEF,3,EUR 95.98
o_2525,SKU-B12, 2 ,EUR 162.10
o_2526,SKU-DEF,2,USD 124.71
o_2526,SKU-YZA,02,"18,08"
o_2527,SKU-ABC,1,USD 16.70
o_2527,SKU-GHI,01,$33.44
o_2528,SKU-YZA, 1 ,USD 21.82
o_2529,SKU-STU,2,$12.38
o_2530,SKU-VWX,1,$13.82
o_2530,SKU-MNO,01,$90.19
o_2531,SKU-MNO, 1 ,USD 77.52
o_2531,SKU-PQR,3,$144.54
o_2532,SKU-YZA, 3 ,$20.88
o_2533,SKU-ABC,02,$18.38
o_2533,SKU-PQR,1,  123.00  
o_2534,SKU-MNO,3,EUR 80.78
o_2535,SKU-MNO,1,CAD 78.28
o_2535,SKU-B12,1,CAD 149.42
o_2535,SKU-JKL,1,C$47.09
o_2536,SKU-PQR,2,$114.86
o_2537,SKU-VWX, 3 ,$11.38
o_2538,SKU-D56,1,$285.57
